{"type":"FeatureCollection","features":[{"type":"Feature","properties":{"Name":"Big Sky BBQ Pit","Phone Number":"403-938-0701","Address":"306016 15th Street E","City":"Okotoks","State":"AB","Country":"CAN","Average_Rating":4.3},"geometry":{"type":"Point","coordinates":[-113.9756439,50.7746663]}},{"type":"Feature","properties":{"Name":"Bookers BBQ Grill and Crab Shack","Phone Number":"403-264-6419","Address":"316 3rd Street SE","City":"Calgary","State":"AB","Country":"CAN","Average_Rating":4.2},"geometry":{"type":"Point","coordinates":[-114.055,51.0494]}},{"type":"Feature","properties":{"Name":"Palomino Smokehouse","Phone Number":"403-532-1911","Address":"109 7 Avenue SW","City":"Calgary","State":"AB","Country":"CAN","Average_Rating":4.4},"geometry":{"type":"Point","coordinates":[-114.063,51.0466]}},{"type":"Feature","properties":{"Name":"Big Bob Gibson's #2","Phone Number":"","Address":"2520 Danville Rd SW","City":"Decatur","State":"AL","Country":"USA","Average_Rating":4.4},"geometry":{"type":"Point","coordinates":[-87.01763,34.56587]}},{"type":"Feature","properties":{"Name":"Big Bob Gibson Bar-B-Q","Phone Number":"256-350-6969","Address":"1715 6th Avenue SE","City":"Decatur","State":"AL","Country":"USA","Average_Rating":4.5},"geometry":{"type":"Point","coordinates":[-86.978558,34.579466]}},{"type":"Feature","properties":{"Name":"DJ's Old Post Office","Phone Number":"334-281-4887","Address":"210 Wasden Rd","City":"Hope Hull","State":"AL","Country":"USA","Average_Rating":4},"geometry":{"type":"Point","coordinates":[-86.364,32.26995]}},{"type":"Feature","properties":{"Name":"Greenbrier Barbecue","Phone Number":"256-353-9769","Address":"15050 Al Highway 20","City":"Madison","State":"AL","Country":"USA","Average_Rating":4.4},"geometry":{"type":"Point","coordinates":[-86.84806,34.63988]}},{"type":"Feature","properties":{"Name":"Dick Russell's Bar-BQ","Phone Number":"251-661-6090","Address":"5360 Hwy 90 W","City":"Mobile","State":"AL","Country":"USA","Average_Rating":4.2},"geometry":{"type":"Point","coordinates":[-88.169451,30.593905]}},{"type":"Feature","properties":{"Name":"Sam's Barbecue","Phone Number":"334-279-0008","Address":"3510 Atlanta Highway","City":"Montgomery","State":"AL","Country":"USA","Average_Rating":4.3},"geometry":{"type":"Point","coordinates":[-86.256074,32.385295]}},{"type":"Feature","properties":{"Name":"Rafters Restaurant & Sports Bar","Phone Number":"251-224-6900","Address":"4725 Main St. Suite 228","City":"Orange Beach","State":"AL","Country":"USA","Average_Rating":4.5},"geometry":{"type":"Point","coordinates":[-87.62926,30.293007]}},{"type":"Feature","properties":{"Name":"Moe's Original BBQ","Phone Number":"251-981-7427","Address":"25603 Perdido Beach Blvd","City":"Orange Beach","State":"AL","Country":"USA","Average_Rating":4.6},"geometry":{"type":"Point","coordinates":[-87.590507,30.269223]}},{"type":"Feature","properties":{"Name":"Dreamland Bar-B-Que","Phone Number":"205-758-8135","Address":"5535 15th Ave E","City":"Tuscaloosa","State":"AL","Country":"USA","Average_Rating":4.5},"geometry":{"type":"Point","coordinates":[-87.516636,33.156463]}},{"type":"Feature","properties":{"Name":"Smokin S Bar-B-Que","Phone Number":"334-567-0605","Address":"5826 US Hwy 231","City":"Wetumpka","State":"AL","Country":"USA","Average_Rating":4.6},"geometry":{"type":"Point","coordinates":[-86.206982,32.524425]}},{"type":"Feature","properties":{"Name":"Dewayne's Bar-B-Q & Grill","Phone Number":"479-331-2986","Address":"9185 State Route 7 N","City":"Dover","State":"AR","Country":"USA","Average_Rating":4.3},"geometry":{"type":"Point","coordinates":[-93.11428,35.39648]}},{"type":"Feature","properties":{"Name":"Bubba's Barbecue","Phone Number":"479-253-7706","Address":"166 W Van Buren","City":"Eureka Springs","State":"AR","Country":"USA","Average_Rating":4.3},"geometry":{"type":"Point","coordinates":[-93.743091,36.394085]}},{"type":"Feature","properties":{"Name":"McClard's","Phone Number":"866-622-5273","Address":"505 Albert Pike","City":"Hor Springs","State":"AR","Country":"USA","Average_Rating":4.4},"geometry":{"type":"Point","coordinates":[-93.074913,34.496258]}},{"type":"Feature","properties":{"Name":"Pudgy Pig BBQ","Phone Number":"479-967-6062","Address":"2405 E Parkway Dr","City":"Russelville","State":"AR","Country":"USA","Average_Rating":4},"geometry":{"type":"Point","coordinates":[-93.10379,35.28282]}},{"type":"Feature","properties":{"Name":"Old Post Bar-B-Q","Phone Number":"479-331-2986","Address":"407 South Arkansas Ave","City":"Russelville","State":"AR","Country":"USA","Average_Rating":3.9},"geometry":{"type":"Point","coordinates":[-93.13365,35.27428]}},{"type":"Feature","properties":{"Name":"Hog Wild BBQ","Phone Number":"928-639-3232","Address":"705 N. Main St","City":"Cottonwood","State":"AZ","Country":"USA","Average_Rating":4.8},"geometry":{"type":"Point","coordinates":[-112.02082,34.74404]}},{"type":"Feature","properties":{"Name":"Joe's Real BBQ 11am-9pm","Phone Number":"480-503-3805","Address":"301 N Gilbert Rd","City":"Gilbert","State":"AZ","Country":"USA","Average_Rating":4.6},"geometry":{"type":"Point","coordinates":[-111.789413,33.355036]}},{"type":"Feature","properties":{"Name":"Thee Pitts Again","Phone Number":"602-996-7488","Address":"5558 W Bell Rd","City":"Glendale","State":"AZ","Country":"USA","Average_Rating":4.1},"geometry":{"type":"Point","coordinates":[-112.178891,33.63942]}},{"type":"Feature","properties":{"Name":"Hog Haven - Globe Mon-Sat 11am - 8pm","Phone Number":"928-425-3528","Address":"1580 N Broad St","City":"Globe","State":"AZ","Country":"USA","Average_Rating":4.7},"geometry":{"type":"Point","coordinates":[-110.797913,33.414262]}},{"type":"Feature","properties":{"Name":"Kinfolk's BBQ","Phone Number":"","Address":"7919 E Thomas Rd","City":"Scottsdale","State":"AZ","Country":"USA","Average_Rating":4},"geometry":{"type":"Point","coordinates":[-111.90948,33.47906]}},{"type":"Feature","properties":{"Name":"Eat At Joe's BBQ","Phone Number":"928-765-2287","Address":"17809 S Highway 93","City":"Wikieup","State":"AZ","Country":"USA","Average_Rating":4.6},"geometry":{"type":"Point","coordinates":[-113.617867,34.73325]}},{"type":"Feature","properties":{"Name":"Memphis Blues BBQ House - Kelowna","Phone Number":"250-868-3699","Address":"289 Bernard St","City":"Kelowna","State":"BC","Country":"CAN","Average_Rating":4.2},"geometry":{"type":"Point","coordinates":[-119.4969,49.88632]}},{"type":"Feature","properties":{"Name":"Memphis Blues BBQ House - North Vancouver","Phone Number":"604-929-3699","Address":"1629 Lonsdale Ave","City":"N Vancouver","State":"BC","Country":"CAN","Average_Rating":""},"geometry":{"type":"Point","coordinates":[-123.07229,49.3234]}},{"type":"Feature","properties":{"Name":"Memphis Blues BBQ House - Commercial Dr","Phone Number":"604-215-2599","Address":"1342 Commercial Dr","City":"Vancouver","State":"BC","Country":"CAN","Average_Rating":4.2},"geometry":{"type":"Point","coordinates":[-123.06959,49.27265]}},{"type":"Feature","properties":{"Name":"Memphis Blues BBQ House - W Broadway Ave","Phone Number":"604-738-6806","Address":"1465 West Broadway Ave","City":"Vancouver","State":"BC","Country":"CAN","Average_Rating":4.3},"geometry":{"type":"Point","coordinates":[-123.13253,49.26366]}},{"type":"Feature","properties":{"Name":"Smoken Bones Cookshack","Phone Number":"250-391-6328","Address":"1701 Douglas St","City":"Victoria","State":"BC","Country":"CAN","Average_Rating":2.9},"geometry":{"type":"Point","coordinates":[-123.364343,48.43014]}},{"type":"Feature","properties":{"Name":"The Hitching Post","Phone Number":"805-688-0676","Address":"406 E. Highway 246","City":"Buellton","State":"CA","Country":"USA","Average_Rating":4.4},"geometry":{"type":"Point","coordinates":[-120.181392,34.608678]}},{"type":"Feature","properties":{"Name":"Armadillo Willy's BBQ - Capitola","Phone Number":"831-479-7422","Address":"2180 41st Ave","City":"Capitola","State":"CA","Country":"USA","Average_Rating":4.6},"geometry":{"type":"Point","coordinates":[-121.964723,36.980485]}},{"type":"Feature","properties":{"Name":"BBQ Two 20","Phone Number":"949-631-4227","Address":"1560 Superior Ave","City":"Costa Mesa","State":"CA","Country":"USA","Average_Rating":2.8},"geometry":{"type":"Point","coordinates":[-117.925647,33.632934]}},{"type":"Feature","properties":{"Name":"Taste of Texas","Phone Number":"626-331-2824","Address":"545 N. Citrus Ave","City":"Covina","State":"CA","Country":"USA","Average_Rating":2.9},"geometry":{"type":"Point","coordinates":[-117.889995,34.135907]}},{"type":"Feature","properties":{"Name":"Armadillo Willy's BBQ - Cupertino","Phone Number":"408-252-7427","Address":"10100 S. De Anza Blvd","City":"Cupertino","State":"CA","Country":"USA","Average_Rating":4},"geometry":{"type":"Point","coordinates":[-122.032026,37.321237]}},{"type":"Feature","properties":{"Name":"Armadillo Willy's BBQ - Dublin","Phone Number":"925-833-0400","Address":"4480 Tassajara Rd","City":"Dublin","State":"CA","Country":"USA","Average_Rating":4.1},"geometry":{"type":"Point","coordinates":[-121.872169,37.70337]}},{"type":"Feature","properties":{"Name":"Mike's BBQ","Phone Number":"760-746-4444","Address":"1356 W Valley Pkwy","City":"Escondido","State":"CA","Country":"USA","Average_Rating":4.3},"geometry":{"type":"Point","coordinates":[-117.1041,33.111549]}},{"type":"Feature","properties":{"Name":"Texas West BBQ - Folsom In Broadmore Market Place","Phone Number":"916-436-7427","Address":"2776 E Bidwell St","City":"Folsum","State":"CA","Country":"USA","Average_Rating":4.5},"geometry":{"type":"Point","coordinates":[-121.1237,38.65587]}},{"type":"Feature","properties":{"Name":"Smoking Pig BBQ Slow cooked and tremendous -- the wolf turd appetizers are mild peppers stuffed with sausage and cheese; wrapped in bacon; and smoked for hours.","Phone Number":"510-713-1854","Address":"3340 Mowry Ave","City":"Fremont","State":"CA","Country":"USA","Average_Rating":3.8},"geometry":{"type":"Point","coordinates":[-121.984456,37.552672]}},{"type":"Feature","properties":{"Name":"Grill At The Meat Market","Phone Number":"559-436-6741","Address":"454 Alluvial Ave","City":"Fresno","State":"CA","Country":"USA","Average_Rating":4.5},"geometry":{"type":"Point","coordinates":[-119.80116,36.84526]}},{"type":"Feature","properties":{"Name":"Bam Bam Barbaque","Phone Number":"626-914-4754","Address":"853 E Route 66","City":"Glendora","State":"CA","Country":"USA","Average_Rating":""},"geometry":{"type":"Point","coordinates":[-117.851032,34.129012]}},{"type":"Feature","properties":{"Name":"BT's Southern BBQ M-Th 11-8; Fri &Sat 11-9; Sun 11-5","Phone Number":"","Address":"7144 Edinger Av","City":"Huntington Beach","State":"CA","Country":"USA","Average_Rating":4.3},"geometry":{"type":"Point","coordinates":[-118.005464,33.730063]}},{"type":"Feature","properties":{"Name":"Armadillo Willy's BBQ - Los Altos","Phone Number":"650-941-2922","Address":"1031 N. San Antonio Rd","City":"Los Altos","State":"CA","Country":"USA","Average_Rating":4.2},"geometry":{"type":"Point","coordinates":[-122.113941,37.400442]}},{"type":"Feature","properties":{"Name":"Spring Street Smokehouse","Phone Number":"213-626-0535","Address":"640 N Spring St","City":"Los Angeles","State":"CA","Country":"USA","Average_Rating":""},"geometry":{"type":"Point","coordinates":[-118.2385111,34.05851841]}},{"type":"Feature","properties":{"Name":"The Park's Finest BBQ The place to get American cuts of BBQ with a Filipino flavor.","Phone Number":"213-481-2800","Address":"1267 W Temple St","City":"Los Angeles","State":"CA","Country":"USA","Average_Rating":4.5},"geometry":{"type":"Point","coordinates":[-118.254207,34.066524]}},{"type":"Feature","properties":{"Name":"Zekes Smokehouse - Montrose","Phone Number":"818-957-7045","Address":"2209 Honolulu Ave","City":"Montrose","State":"CA","Country":"USA","Average_Rating":""},"geometry":{"type":"Point","coordinates":[-118.22554,34.20512]}},{"type":"Feature","properties":{"Name":"Grinder Hut","Phone Number":"951-737-7141","Address":"2462 Hamner Ave","City":"Norco","State":"CA","Country":"USA","Average_Rating":4.5},"geometry":{"type":"Point","coordinates":[-117.560239,33.917664]}},{"type":"Feature","properties":{"Name":"Flint's Bar-B-Q - Bancroft Ave","Phone Number":"510-636-1076","Address":"6637 Bancroft Ave","City":"Oakland","State":"CA","Country":"USA","Average_Rating":4.3},"geometry":{"type":"Point","coordinates":[-122.182393,37.769534]}},{"type":"Feature","properties":{"Name":"Robin's Woodfire BBQ","Phone Number":"626-351-8885","Address":"395 North Rosemead Blvd","City":"Pasadena","State":"CA","Country":"USA","Average_Rating":4.4},"geometry":{"type":"Point","coordinates":[-118.077443,34.152923]}},{"type":"Feature","properties":{"Name":"Porter St. Barbeque","Phone Number":"559-783-8703","Address":"967 W Henderson","City":"Porterville","State":"CA","Country":"USA","Average_Rating":4.7},"geometry":{"type":"Point","coordinates":[-119.03852,36.07905]}},{"type":"Feature","properties":{"Name":"Phil's BBQ","Phone Number":"858-312-6161","Address":"17051 W Bernardo Dr","City":"Rancho Bernardo","State":"CA","Country":"USA","Average_Rating":4.5},"geometry":{"type":"Point","coordinates":[-117.080938,33.024201]}},{"type":"Feature","properties":{"Name":"Texas West BBQ - Roseville","Phone Number":"916-773-7427","Address":"1950 Douglas Blvd","City":"Roseville","State":"CA","Country":"USA","Average_Rating":2.5},"geometry":{"type":"Point","coordinates":[-121.254,38.74497]}},{"type":"Feature","properties":{"Name":"Texas West BBQ - Sacramento","Phone Number":"916-483-7427","Address":"1600 Fulton Ave","City":"Sacramento","State":"CA","Country":"USA","Average_Rating":4},"geometry":{"type":"Point","coordinates":[-121.40145,38.59436]}},{"type":"Feature","properties":{"Name":"Phil's BBQ Phil's BBQ is the best BBQ in San Diego! Consistently rated one of the best BBQ restaurants by leading publications such as 'Relish'; LocalEats and ABCNews.com. The long lines (most of the time; especially during dinner) are always worth it in the end. A trip here will be the best BBQ culinary decision you can make while in San Diego.","Phone Number":"619-226-6333","Address":"3750 Sports Arena Blvd","City":"San Diego","State":"CA","Country":"USA","Average_Rating":4.6},"geometry":{"type":"Point","coordinates":[-117.215916,32.754794]}},{"type":"Feature","properties":{"Name":"Mike's BBQ","Phone Number":"619-276-4444","Address":"3055 Clairemont Dr","City":"San Diego","State":"CA","Country":"USA","Average_Rating":3.7},"geometry":{"type":"Point","coordinates":[-117.193173,32.796134]}},{"type":"Feature","properties":{"Name":"Big Nate's Barbeque","Phone Number":"415-861-4242","Address":"1665 Folsom","City":"San Francisco","State":"CA","Country":"USA","Average_Rating":4.4},"geometry":{"type":"Point","coordinates":[-122.415332,37.770171]}},{"type":"Feature","properties":{"Name":"Smoking Pig BBQ Slow cooked and tremendous -- the wolf turd appetizers are mild peppers stuffed with sausage and cheese; wrapped in bacon; and smoked for hours.","Phone Number":"408-380-4784","Address":"1144 N 4th St","City":"San Jose","State":"CA","Country":"USA","Average_Rating":3.8},"geometry":{"type":"Point","coordinates":[-121.902859,37.358709]}},{"type":"Feature","properties":{"Name":"Armadillo Willy's BBQ - Blossom Hill Rd","Phone Number":"408-224-7427","Address":"878 Blossom Hill Rd","City":"San Jose","State":"CA","Country":"USA","Average_Rating":4.2},"geometry":{"type":"Point","coordinates":[-121.858561,37.250222]}},{"type":"Feature","properties":{"Name":"Armadillo Willy's BBQ - Camden Ave","Phone Number":"408-371-9033","Address":"2071 Camden Ave","City":"San Jose","State":"CA","Country":"USA","Average_Rating":4.2},"geometry":{"type":"Point","coordinates":[-121.934017,37.262027]}},{"type":"Feature","properties":{"Name":"Bad To the Bone Barbecue","Phone Number":"949-218-0227","Address":"31738 Rancho Viejo Rd","City":"San Juan Capistrano","State":"CA","Country":"USA","Average_Rating":4.4},"geometry":{"type":"Point","coordinates":[-117.65306,33.502402]}},{"type":"Feature","properties":{"Name":"Mo's Smokehouse BBQ","Phone Number":"805-544-6193","Address":"970 Higuera St","City":"San Louis Obisbo","State":"CA","Country":"USA","Average_Rating":""},"geometry":{"type":"Point","coordinates":[-120.661171,35.2809226]}},{"type":"Feature","properties":{"Name":"Phil's BBQ","Phone Number":"760-759-1400","Address":"579 Grand Ave","City":"San Marcos","State":"CA","Country":"USA","Average_Rating":4.5},"geometry":{"type":"Point","coordinates":[-117.176734,33.137106]}},{"type":"Feature","properties":{"Name":"Armadillo Willy's BBQ - San Mateo","Phone Number":"650-571-7427","Address":"2260 Bridgepoint Prkw","City":"San Mateo","State":"CA","Country":"USA","Average_Rating":4.2},"geometry":{"type":"Point","coordinates":[-122.282705,37.561161]}},{"type":"Feature","properties":{"Name":"Woody's BBQ","Phone Number":"","Address":"5112 Hollister Avenue","City":"Santa Barbara","State":"CA","Country":"USA","Average_Rating":3.7},"geometry":{"type":"Point","coordinates":[-119.802905,34.435413]}},{"type":"Feature","properties":{"Name":"Armadillo Willy's BBQ - Santa Clara","Phone Number":"408-247-1100","Address":"2624 Homestead Rd","City":"Santa Clara","State":"CA","Country":"USA","Average_Rating":4.2},"geometry":{"type":"Point","coordinates":[-121.972978,37.339424]}},{"type":"Feature","properties":{"Name":"Phil's BBQ","Phone Number":"619-449-7700","Address":"9816 Mission Gorge Rd","City":"Santee","State":"CA","Country":"USA","Average_Rating":4.6},"geometry":{"type":"Point","coordinates":[-116.983269,32.840436]}},{"type":"Feature","properties":{"Name":"Beachwood BBQ Lunch & Dinner Tuesday - Sunday; 11:30 to 9:30","Phone Number":"562-493-4500","Address":"131 ½ Main St","City":"Seal Beach","State":"CA","Country":"USA","Average_Rating":""},"geometry":{"type":"Point","coordinates":[-118.105428,33.741081]}},{"type":"Feature","properties":{"Name":"Armadillo Willy's BBQ - Sunnyvale","Phone Number":"408-245-5300","Address":"161 E. El Camino Real","City":"Sunnyvale","State":"CA","Country":"USA","Average_Rating":4.2},"geometry":{"type":"Point","coordinates":[-122.031061,37.367096]}},{"type":"Feature","properties":{"Name":"Dr. Hogly Wogly's Tyler Texas BBQ","Phone Number":"818-780-6701","Address":"8136 Sepulveda Blvd","City":"Van Nuys","State":"CA","Country":"USA","Average_Rating":4.4},"geometry":{"type":"Point","coordinates":[-118.466667,34.218922]}},{"type":"Feature","properties":{"Name":"Hungry Al's BBQ Sun-Mon 12-8; Wed-Fri 11-9; Sat 12-9; Closed Tue","Phone Number":"626-967-6998","Address":"116 N Vincent Ave","City":"W Covina","State":"CA","Country":"USA","Average_Rating":4.8},"geometry":{"type":"Point","coordinates":[-117.9397774,34.08668003]}},{"type":"Feature","properties":{"Name":"Zekes Smokehouse - West Hollywood","Phone Number":"323-850-9353","Address":"7100 Santa Monica Blvd","City":"W Hollywood","State":"CA","Country":"USA","Average_Rating":""},"geometry":{"type":"Point","coordinates":[-118.34588,34.09058]}},{"type":"Feature","properties":{"Name":"The Old West Bar B Que","Phone Number":"303-660-6340","Address":"107 Wolfensberger Rd","City":"Castle Rock","State":"CO","Country":"USA","Average_Rating":4.2},"geometry":{"type":"Point","coordinates":[-104.864185,39.380634]}},{"type":"Feature","properties":{"Name":"Bono's Pit Bar-B-Q","Phone Number":"303-850-7427","Address":"9393 East Dry Creek road","City":"Centennial","State":"CO","Country":"USA","Average_Rating":4.3},"geometry":{"type":"Point","coordinates":[-104.879618,39.581102]}},{"type":"Feature","properties":{"Name":"Cub's Q","Phone Number":"303-794-5400","Address":"6955 South York Street","City":"Centennial","State":"CO","Country":"USA","Average_Rating":4.5},"geometry":{"type":"Point","coordinates":[-104.962217,39.590832]}},{"type":"Feature","properties":{"Name":"Yazoo BBQ - Denver","Phone Number":"303-296-3334","Address":"2150 Broadway","City":"Denver","State":"CO","Country":"USA","Average_Rating":4.5},"geometry":{"type":"Point","coordinates":[-104.987,39.7521]}},{"type":"Feature","properties":{"Name":"Boney's BBQ","Phone Number":"303-825-9900","Address":"1543 Champa Street","City":"Denver","State":"CO","Country":"USA","Average_Rating":4.5},"geometry":{"type":"Point","coordinates":[-104.994638,39.746276]}},{"type":"Feature","properties":{"Name":"Roaming Buffalo Bar-B-Que","Phone Number":"303-722-2226","Address":"2387 South Downing Street","City":"Denver","State":"CO","Country":"USA","Average_Rating":4.6},"geometry":{"type":"Point","coordinates":[-104.973726,39.673319]}},{"type":"Feature","properties":{"Name":"Serious Texas Bar-B-Q","Phone Number":"970-247-2240","Address":"3535 N Main Ave","City":"Durango","State":"CO","Country":"USA","Average_Rating":4.4},"geometry":{"type":"Point","coordinates":[-107.86826,37.30444]}},{"type":"Feature","properties":{"Name":"Serious Texas Bar-B-Q","Phone Number":"970-259-9507","Address":"650 S Camino del Rio","City":"Durango","State":"CO","Country":"USA","Average_Rating":4.3},"geometry":{"type":"Point","coordinates":[-107.87291,37.24507]}},{"type":"Feature","properties":{"Name":"Sam Taylors BBQ","Phone Number":"303-388-9300","Address":"435 S Cherry St","City":"Glendale","State":"CO","Country":"USA","Average_Rating":3.8},"geometry":{"type":"Point","coordinates":[-104.934,39.7083]}},{"type":"Feature","properties":{"Name":"Jabos BBQ","Phone Number":"303-799-4432","Address":"9682 E Arapahoe Rd","City":"Greenwood Village","State":"CO","Country":"USA","Average_Rating":4.7},"geometry":{"type":"Point","coordinates":[-104.877,39.5945]}},{"type":"Feature","properties":{"Name":"Yazoo BBQ - Greenwood Vlg","Phone Number":"303-792-9500","Address":"9555 E Arapahoe Rd # 11","City":"Greenwood Village","State":"CO","Country":"USA","Average_Rating":""},"geometry":{"type":"Point","coordinates":[-104.878,39.5957]}},{"type":"Feature","properties":{"Name":"Burnt End BBQ","Phone Number":"720-638-1153","Address":"5332 DTC Blvd","City":"Greenwood Village","State":"CO","Country":"USA","Average_Rating":4.1},"geometry":{"type":"Point","coordinates":[-104.889424,39.618251]}},{"type":"Feature","properties":{"Name":"Piggin' Out Bar-B-Que","Phone Number":"303-988-2749","Address":"9987 Morrison Rd","City":"Lakewood","State":"CO","Country":"USA","Average_Rating":4.6},"geometry":{"type":"Point","coordinates":[-105.10896,39.669586]}},{"type":"Feature","properties":{"Name":"Rib City Littleton","Phone Number":"303-948-6100","Address":"8174 South Kipling Parkway; Suite 110","City":"Littleton","State":"CO","Country":"USA","Average_Rating":4.2},"geometry":{"type":"Point","coordinates":[-105.108292,39.568087]}},{"type":"Feature","properties":{"Name":"Brickyard BBQ","Phone Number":"303-797-9255","Address":"311 East County Line Road","City":"Littleton","State":"CO","Country":"USA","Average_Rating":4.3},"geometry":{"type":"Point","coordinates":[-104.984804,39.567558]}},{"type":"Feature","properties":{"Name":"The Rib House by Chef Extrodinaire","Phone Number":"303-485-6988","Address":"1920 S Coffman St","City":"Longmont","State":"CO","Country":"USA","Average_Rating":4.1},"geometry":{"type":"Point","coordinates":[-105.10753,40.13619]}},{"type":"Feature","properties":{"Name":"Serious Texas Bar-B-Q","Phone Number":"970-667-1415","Address":"201 W 71st St","City":"Loveland","State":"CO","Country":"USA","Average_Rating":4.4},"geometry":{"type":"Point","coordinates":[-105.08492,40.46478]}},{"type":"Feature","properties":{"Name":"Hickory House","Phone Number":"303-805-9742","Address":"10335 S Parker Rd","City":"Parker","State":"CO","Country":"USA","Average_Rating":4.3},"geometry":{"type":"Point","coordinates":[-104.766917,39.529246]}},{"type":"Feature","properties":{"Name":"Off the Tracks","Phone Number":"860-207-4780","Address":"664 Route 6","City":"Andover","State":"CT","Country":"USA","Average_Rating":""},"geometry":{"type":"Point","coordinates":[-72.337303,41.729932]}},{"type":"Feature","properties":{"Name":"Woods Pit BBQ & Mexican Cafe","Phone Number":"860-567-9869","Address":"123 Bantam Lake Rd","City":"Bantam","State":"CT","Country":"USA","Average_Rating":4.2},"geometry":{"type":"Point","coordinates":[-73.235661,41.720359]}},{"type":"Feature","properties":{"Name":"Walrus + Carpenter","Phone Number":"203-333-2733","Address":"2895 Fairfield Ave","City":"Black Rock","State":"CT","Country":"USA","Average_Rating":4.5},"geometry":{"type":"Point","coordinates":[-73.227273,41.156766]}},{"type":"Feature","properties":{"Name":"The Stand: Roadside BBQ & Market","Phone Number":"203-433-4728","Address":"196 S Montowese St","City":"Branford","State":"CT","Country":"USA","Average_Rating":4.4},"geometry":{"type":"Point","coordinates":[-72.801035,41.262021]}},{"type":"Feature","properties":{"Name":"Drumstik Bar-B-Q","Phone Number":"203-374-6151","Address":"4189 Main St","City":"Bridgeport","State":"CT","Country":"USA","Average_Rating":4.3},"geometry":{"type":"Point","coordinates":[-73.214555,41.217307]}},{"type":"Feature","properties":{"Name":"Conecticut BBQ","Phone Number":"203-612-8250","Address":"1450 Barnum Ave","City":"Bridgeport","State":"CT","Country":"USA","Average_Rating":3.7},"geometry":{"type":"Point","coordinates":[-73.163305,41.186821]}},{"type":"Feature","properties":{"Name":"Al's Cookout","Phone Number":"203-775-1900","Address":"439 Candlewood Lake Rd","City":"Brookfield","State":"CT","Country":"USA","Average_Rating":4.2},"geometry":{"type":"Point","coordinates":[-73.433318,41.480005]}},{"type":"Feature","properties":{"Name":"Chester's Barbecue","Phone Number":"860-669-6868","Address":"10 W Main St","City":"Clinton","State":"CT","Country":"USA","Average_Rating":4.2},"geometry":{"type":"Point","coordinates":[-72.527984,41.27865]}},{"type":"Feature","properties":{"Name":"The Cue","Phone Number":"203-207-4669","Address":"2 Pembroke Rd","City":"Danbury","State":"CT","Country":"USA","Average_Rating":4.5},"geometry":{"type":"Point","coordinates":[-73.47327,41.425235]}},{"type":"Feature","properties":{"Name":"Gut Bustas","Phone Number":"860-933-8615","Address":"915 N Main St","City":"Danielson","State":"CT","Country":"USA","Average_Rating":""},"geometry":{"type":"Point","coordinates":[-71.877971,41.827792]}},{"type":"Feature","properties":{"Name":"House of Bones BBQ","Phone Number":"203-516-5994","Address":"1 New Haven Ave","City":"Derby","State":"CT","Country":"USA","Average_Rating":4.3},"geometry":{"type":"Point","coordinates":[-73.08003,41.315042]}},{"type":"Feature","properties":{"Name":"Carl's Barbecure & Jerk","Phone Number":"860-568-3644","Address":"285 Silver Ln","City":"E Hartford","State":"CT","Country":"USA","Average_Rating":4.5},"geometry":{"type":"Point","coordinates":[-72.632081,41.761987]}},{"type":"Feature","properties":{"Name":"Smokey O'Grady's","Phone Number":"860-739-7084","Address":"306 Flanders Rd","City":"E Lyme","State":"CT","Country":"USA","Average_Rating":4.2},"geometry":{"type":"Point","coordinates":[-72.209574,41.363581]}},{"type":"Feature","properties":{"Name":"The Rib House","Phone Number":"203-469-7427","Address":"190 Main Street","City":"East Haven","State":"CT","Country":"USA","Average_Rating":4.2},"geometry":{"type":"Point","coordinates":[-72.800943,41.289297]}},{"type":"Feature","properties":{"Name":"Porky Pete's Bar-B-Que","Phone Number":"860-767-1021","Address":"90 Plains Rd","City":"Essex","State":"CT","Country":"USA","Average_Rating":4},"geometry":{"type":"Point","coordinates":[-72.411632,41.342538]}},{"type":"Feature","properties":{"Name":"Wilson's Holy Smoke BBQ","Phone Number":"203-319-7427","Address":"1851 Post Rd","City":"Fairfield","State":"CT","Country":"USA","Average_Rating":""},"geometry":{"type":"Point","coordinates":[-73.264252,41.140902]}},{"type":"Feature","properties":{"Name":"Barbacoa Smokehouse","Phone Number":"202-434-5853","Address":"665 Commerce Drive","City":"Fairfield","State":"CT","Country":"USA","Average_Rating":4.6},"geometry":{"type":"Point","coordinates":[-73.233686,41.162905]}},{"type":"Feature","properties":{"Name":"Gideon's BBQ Smokehouse","Phone Number":"860-633-4227","Address":"345 New London Trnpk","City":"Glastonbury","State":"CT","Country":"USA","Average_Rating":4.1},"geometry":{"type":"Point","coordinates":[-72.602371,41.709563]}},{"type":"Feature","properties":{"Name":"Bobby Q's Pit Stop","Phone Number":"203-990-0606","Address":"1340 E Putname Ave","City":"Greenwich","State":"CT","Country":"USA","Average_Rating":3.9},"geometry":{"type":"Point","coordinates":[-73.573013,41.043778]}},{"type":"Feature","properties":{"Name":"Chester's Barbecue","Phone Number":"860-449-6868","Address":"943 Poquonnock Rd","City":"Groton","State":"CT","Country":"USA","Average_Rating":4.2},"geometry":{"type":"Point","coordinates":[-72.05075,41.345687]}},{"type":"Feature","properties":{"Name":"Bear's Smokehouse","Phone Number":"860-724-3100","Address":"25 Front St","City":"Hartford","State":"CT","Country":"USA","Average_Rating":4.4},"geometry":{"type":"Point","coordinates":[-72.67064,41.762736]}},{"type":"Feature","properties":{"Name":"Southern Que BarBQ","Phone Number":"203-238-1542","Address":"70 Pomeroy Ave","City":"Meriden","State":"CT","Country":"USA","Average_Rating":4.6},"geometry":{"type":"Point","coordinates":[-72.766647,41.524046]}},{"type":"Feature","properties":{"Name":"Wood and Smoke BBQ","Phone Number":"","Address":"1 Lorraine Ter","City":"Middlefield","State":"CT","Country":"USA","Average_Rating":4.2},"geometry":{"type":"Point","coordinates":[-72.697449,41.549272]}},{"type":"Feature","properties":{"Name":"Taino Smokehouse","Phone Number":"860-358-9828","Address":"482 S Main St","City":"Middletown","State":"CT","Country":"USA","Average_Rating":4.5},"geometry":{"type":"Point","coordinates":[-72.651329,41.543098]}},{"type":"Feature","properties":{"Name":"Taino Smokehouse","Phone Number":"860-358-9828","Address":"482 S Main St","City":"Middletown","State":"CT","Country":"USA","Average_Rating":4.5},"geometry":{"type":"Point","coordinates":[-72.650766,41.542893]}},{"type":"Feature","properties":{"Name":"Joey C's Roadhouse BBQ & Tex Mex","Phone Number":"203-301-3299","Address":"439 Boston Post Rd","City":"Milford","State":"CT","Country":"USA","Average_Rating":4.1},"geometry":{"type":"Point","coordinates":[-73.069681,41.227206]}},{"type":"Feature","properties":{"Name":"Hilltop BBQ Steakhouse","Phone Number":"860-873-1234","Address":"12 Ray Palmer Rd","City":"Moodus","State":"CT","Country":"USA","Average_Rating":3.5},"geometry":{"type":"Point","coordinates":[-72.448367,41.503682]}},{"type":"Feature","properties":{"Name":"Bull & Swine","Phone Number":"203-915-6806","Address":"969 State St","City":"New Haven","State":"CT","Country":"USA","Average_Rating":4.7},"geometry":{"type":"Point","coordinates":[-72.909865,41.315298]}},{"type":"Feature","properties":{"Name":"Brother Jimmy's BBQ","Phone Number":"","Address":"196 Crown Street","City":"New Haven","State":"CT","Country":"USA","Average_Rating":3.5},"geometry":{"type":"Point","coordinates":[-72.928478,41.305129]}},{"type":"Feature","properties":{"Name":"Ricky D's Rib Shack","Phone Number":"203-745-4998","Address":"302 Winchester Avenue","City":"New Haven","State":"CT","Country":"USA","Average_Rating":4.6},"geometry":{"type":"Point","coordinates":[-72.929457,41.322767]}},{"type":"Feature","properties":{"Name":"The Cookhouse","Phone Number":"860-355-4111","Address":"31 Danbury Rd","City":"New Milford","State":"CT","Country":"USA","Average_Rating":4.3},"geometry":{"type":"Point","coordinates":[-73.414329,41.570356]}},{"type":"Feature","properties":{"Name":"Crescent Beach Smoke Shack","Phone Number":"860-300-0414","Address":"37 Bayview Avenue","City":"Niantic","State":"CT","Country":"USA","Average_Rating":4.5},"geometry":{"type":"Point","coordinates":[-72.202378,41.315426]}},{"type":"Feature","properties":{"Name":"Charlie's Place","Phone Number":"860-739-2975","Address":"26 West Main Street","City":"Niantic","State":"CT","Country":"USA","Average_Rating":4.4},"geometry":{"type":"Point","coordinates":[-72.206645,41.32164]}},{"type":"Feature","properties":{"Name":"Johnny Utah's","Phone Number":"203-299-0711","Address":"80 Washington St","City":"Norwalk","State":"CT","Country":"USA","Average_Rating":3.1},"geometry":{"type":"Point","coordinates":[-73.418362,41.098777]}},{"type":"Feature","properties":{"Name":"B.J. Ryans B An C House","Phone Number":"203-853-7926","Address":"16 River St","City":"Norwalk","State":"CT","Country":"USA","Average_Rating":4.5},"geometry":{"type":"Point","coordinates":[-73.41358,41.118477]}},{"type":"Feature","properties":{"Name":"BobbyQ's Cue & Co.","Phone Number":"203-831-0354","Address":"11 Merwin Street","City":"Norwalk","State":"CT","Country":"USA","Average_Rating":4.3},"geometry":{"type":"Point","coordinates":[-73.414579,41.112586]}},{"type":"Feature","properties":{"Name":"Wire Mill BBQ","Phone Number":"203-544-9988","Address":"12 Old Mill Rd","City":"Redding","State":"CT","Country":"USA","Average_Rating":4.7},"geometry":{"type":"Point","coordinates":[-73.428104,41.256577]}},{"type":"Feature","properties":{"Name":"HooDoo Brown BBQ","Phone Number":"203-438-6033","Address":"967 Ethan Allen Hwy","City":"Ridgefield","State":"CT","Country":"USA","Average_Rating":4.5},"geometry":{"type":"Point","coordinates":[-73.475783,41.320234]}},{"type":"Feature","properties":{"Name":"When Pigs Fly Southern BBQ","Phone Number":"860-492-0000","Address":"23 W Main St","City":"Sharon","State":"CT","Country":"USA","Average_Rating":4.5},"geometry":{"type":"Point","coordinates":[-73.478421,41.879225]}},{"type":"Feature","properties":{"Name":"Smokin' with Chris","Phone Number":"860-620-9133","Address":"59 W Center St","City":"Southington","State":"CT","Country":"USA","Average_Rating":4.5},"geometry":{"type":"Point","coordinates":[-72.883199,41.600118]}},{"type":"Feature","properties":{"Name":"Hen House BBQ","Phone Number":"860-276-0798","Address":"192 Main St","City":"Southington","State":"CT","Country":"USA","Average_Rating":4.4},"geometry":{"type":"Point","coordinates":[-72.877819,41.598277]}},{"type":"Feature","properties":{"Name":"Brother Jimmy's BBQ","Phone Number":"203-504-8123","Address":"112 Bedford St","City":"Stamford","State":"CT","Country":"USA","Average_Rating":4.1},"geometry":{"type":"Point","coordinates":[-73.538787,41.056138]}},{"type":"Feature","properties":{"Name":"Dinosaur Bar-B-Que","Phone Number":"203-517-3272","Address":"845 Canal St","City":"Stamford","State":"CT","Country":"USA","Average_Rating":4.2},"geometry":{"type":"Point","coordinates":[-73.532442,41.04303]}},{"type":"Feature","properties":{"Name":"The Boatyard at Smokey Joe's BBQ","Phone Number":"203-406-0605","Address":"1308 E Main St","City":"Stamford","State":"CT","Country":"USA","Average_Rating":4.2},"geometry":{"type":"Point","coordinates":[-73.507667,41.061131]}},{"type":"Feature","properties":{"Name":"Judy's Bar and Kitchen","Phone Number":"203-890-9999","Address":"927 High Ridge Rd","City":"Stamford","State":"CT","Country":"USA","Average_Rating":4.2},"geometry":{"type":"Point","coordinates":[-73.547647,41.102796]}},{"type":"Feature","properties":{"Name":"Mexicue","Phone Number":"203-588-1764","Address":"15 Harbor Point Road","City":"Stamford","State":"CT","Country":"USA","Average_Rating":3.9},"geometry":{"type":"Point","coordinates":[-73.543562,41.040523]}},{"type":"Feature","properties":{"Name":"Zach and Lou's Barbeque","Phone Number":"860-482-6573","Address":"2936 Winsted Road","City":"Torrington","State":"CT","Country":"USA","Average_Rating":4.7},"geometry":{"type":"Point","coordinates":[-73.084604,41.866847]}},{"type":"Feature","properties":{"Name":"Little Mark's Big BBQ","Phone Number":"860-872-1410","Address":"226 Talcottville Rd","City":"Vernon","State":"CT","Country":"USA","Average_Rating":4.1},"geometry":{"type":"Point","coordinates":[-72.491531,41.835671]}},{"type":"Feature","properties":{"Name":"Uncle Willie's Wood Smoked BBQ","Phone Number":"203-479-4017","Address":"473 Saw Mill Rd","City":"W Haven","State":"CT","Country":"USA","Average_Rating":4.2},"geometry":{"type":"Point","coordinates":[-72.971962,41.27274]}},{"type":"Feature","properties":{"Name":"Pig Rig BBQ","Phone Number":"203-265-0765","Address":"950 Yale Ave","City":"Wallingford","State":"CT","Country":"USA","Average_Rating":4.6},"geometry":{"type":"Point","coordinates":[-72.806931,41.490501]}},{"type":"Feature","properties":{"Name":"Big Frank's BBQ & Grill","Phone Number":"203-753-7427","Address":"572 Watertown Ave","City":"Waterbury","State":"CT","Country":"USA","Average_Rating":4.1},"geometry":{"type":"Point","coordinates":[-73.060242,41.567878]}},{"type":"Feature","properties":{"Name":"Sunset Ribs","Phone Number":"860-443-7427","Address":"378 Rope Ferry Rd","City":"Waterford","State":"CT","Country":"USA","Average_Rating":4.2},"geometry":{"type":"Point","coordinates":[-72.175336,41.324655]}},{"type":"Feature","properties":{"Name":"Mago Point Smokehouse","Phone Number":"203-449-3398","Address":"361 Mago Point Way","City":"Waterford","State":"CT","Country":"USA","Average_Rating":4.6},"geometry":{"type":"Point","coordinates":[-72.17394,41.325462]}},{"type":"Feature","properties":{"Name":"The Cook & The Bear","Phone Number":"860-595-3345","Address":"50 Memorial Road","City":"West Hartford","State":"CT","Country":"USA","Average_Rating":4.4},"geometry":{"type":"Point","coordinates":[-72.739466,41.760062]}},{"type":"Feature","properties":{"Name":"Hog Wild Smokin' Cue","Phone Number":"860-662-3081","Address":"Seaside Ave","City":"Westbrook","State":"CT","Country":"USA","Average_Rating":3.5},"geometry":{"type":"Point","coordinates":[-72.459784,41.276532]}},{"type":"Feature","properties":{"Name":"Bear's Smokehouse","Phone Number":"860-999-3834","Address":"2152 Poquonock Ave","City":"Windsor","State":"CT","Country":"USA","Average_Rating":4.4},"geometry":{"type":"Point","coordinates":[-72.674544,41.914552]}},{"type":"Feature","properties":{"Name":"Nat Hayden's Real Pit Barbecue","Phone Number":"860-298-8955","Address":"144B Broad St","City":"Windsor","State":"CT","Country":"USA","Average_Rating":4.3},"geometry":{"type":"Point","coordinates":[-72.64395,41.851928]}},{"type":"Feature","properties":{"Name":"Rocklands BBQ","Phone Number":"202-333-2558","Address":"2418 Wisconsin Ave NW","City":"Washington","State":"DC","Country":"USA","Average_Rating":4.5},"geometry":{"type":"Point","coordinates":[-77.072268,38.921367]}},{"type":"Feature","properties":{"Name":"Where Pigs Fly","Phone Number":"","Address":"617 E. Loockerman St","City":"Dover","State":"DE","Country":"USA","Average_Rating":4.1},"geometry":{"type":"Point","coordinates":[-75.513021,39.162214]}},{"type":"Feature","properties":{"Name":"Peebles Barbecue","Phone Number":"863-967-3085","Address":"503 Dixie Hwy","City":"Auburndale","State":"FL","Country":"USA","Average_Rating":4.5},"geometry":{"type":"Point","coordinates":[-81.819695,28.073416]}},{"type":"Feature","properties":{"Name":"Hog Heaven - Daytona Beach","Phone Number":"386-257-1212","Address":"37 N Atlantic Ave","City":"Daytona Beach","State":"FL","Country":"USA","Average_Rating":4.1},"geometry":{"type":"Point","coordinates":[-81.009026,29.228]}},{"type":"Feature","properties":{"Name":"Dam Smoker BBQ","Phone Number":"352-357-6555","Address":"36721 County Road 19A","City":"Eustis","State":"FL","Country":"USA","Average_Rating":4.4},"geometry":{"type":"Point","coordinates":[-81.688223,28.883655]}},{"type":"Feature","properties":{"Name":"Dianne's Old Time Barbeque","Phone Number":"352-481-3305","Address":"6707 SE Hwy 301","City":"Hawthorne","State":"FL","Country":"USA","Average_Rating":4.4},"geometry":{"type":"Point","coordinates":[-82.084233,29.592392]}},{"type":"Feature","properties":{"Name":"Ron's BBQ","Phone Number":"","Address":"9400 FL-52","City":"Hudson","State":"FL","Country":"USA","Average_Rating":4.8},"geometry":{"type":"Point","coordinates":[-82.659424,28.330735]}},{"type":"Feature","properties":{"Name":"Gator's BBQ","Phone Number":"904-683-4941","Address":"8083 Baymar St","City":"Jacksonville","State":"FL","Country":"USA","Average_Rating":4.6},"geometry":{"type":"Point","coordinates":[-81.783447,30.322025]}},{"type":"Feature","properties":{"Name":"Hungry Harrys Famous BBQ - Land O Lakes","Phone Number":"813-949-2025","Address":"3116 Land O' Lakes Blvd","City":"Land O' Lakes","State":"FL","Country":"USA","Average_Rating":4.5},"geometry":{"type":"Point","coordinates":[-82.463094,28.203092]}},{"type":"Feature","properties":{"Name":"Hot Rods BBQ & Grill","Phone Number":"813-948-7988","Address":"18430 Livingston Ave","City":"Lutz","State":"FL","Country":"USA","Average_Rating":4.5},"geometry":{"type":"Point","coordinates":[-82.430504,28.141719]}},{"type":"Feature","properties":{"Name":"Angry Pepper Waterside Smokeshack and Grill","Phone Number":"727-391-0800","Address":"4330 Duhme Rd","City":"Madeira Beach","State":"FL","Country":"USA","Average_Rating":4.4},"geometry":{"type":"Point","coordinates":[-82.792788,27.811862]}},{"type":"Feature","properties":{"Name":"East River Smokehouse: Mary Esther Ft. Walton Beach","Phone Number":"850-244-2333","Address":"330 Mary Esther Blvd","City":"Mary Esther","State":"FL","Country":"USA","Average_Rating":3.7},"geometry":{"type":"Point","coordinates":[-86.65381,30.416735]}},{"type":"Feature","properties":{"Name":"East River Smokehouse: Navarre","Phone Number":"850-939-2802","Address":"1968 Hwy 87N","City":"Navarre","State":"FL","Country":"USA","Average_Rating":3.5},"geometry":{"type":"Point","coordinates":[-86.870329,30.40907]}},{"type":"Feature","properties":{"Name":"Newberry's Backyard BBQ","Phone Number":"352-472-7260","Address":"25405 W. Newberry Rd","City":"Newberry","State":"FL","Country":"USA","Average_Rating":3.7},"geometry":{"type":"Point","coordinates":[-82.61175,29.646163]}},{"type":"Feature","properties":{"Name":"Pappas Ranch","Phone Number":"727-376-3336","Address":"11345 State Road 54","City":"Odessa","State":"FL","Country":"USA","Average_Rating":3.7},"geometry":{"type":"Point","coordinates":[-82.626906,28.191445]}},{"type":"Feature","properties":{"Name":"Stottlemyer's Smokehouse","Phone Number":"941-312-5969","Address":"19 East Road","City":"Sarasota","State":"FL","Country":"USA","Average_Rating":4.3},"geometry":{"type":"Point","coordinates":[-82.426514,27.337614]}},{"type":"Feature","properties":{"Name":"Hungry Harrys Famous BBQ - Seffner","Phone Number":"813-643-0063","Address":"2006 S Parsons Ave","City":"Seffner","State":"FL","Country":"USA","Average_Rating":4.2},"geometry":{"type":"Point","coordinates":[-82.285556,27.97883]}},{"type":"Feature","properties":{"Name":"Angry Pepper Taphouse Oakhurst Tavern","Phone Number":"727-596-5766","Address":"9366 Oakhurst Rd","City":"Seminole","State":"FL","Country":"USA","Average_Rating":4.4},"geometry":{"type":"Point","coordinates":[-82.830775,27.857431]}},{"type":"Feature","properties":{"Name":"Ribit's BBQ","Phone Number":"813-817-4909","Address":"401 S Howard Ave","City":"Tampa","State":"FL","Country":"USA","Average_Rating":1.8},"geometry":{"type":"Point","coordinates":[-82.483297,27.940824]}},{"type":"Feature","properties":{"Name":"Old Crow Real Pit BBQ","Phone Number":"352-669-3922","Address":"41100 State Road 19","City":"Umatilla","State":"FL","Country":"USA","Average_Rating":4.6},"geometry":{"type":"Point","coordinates":[-81.659003,28.947273]}},{"type":"Feature","properties":{"Name":"Bubbalou's Bodacious Bar-B-Q","Phone Number":"407-628-1212","Address":"1471 Lee Rd","City":"Winter Park","State":"FL","Country":"USA","Average_Rating":4.1},"geometry":{"type":"Point","coordinates":[-81.367911,28.606261]}},{"type":"Feature","properties":{"Name":"Slopes BBQ - Alpharetta 11am-8:30pm Mon-Thur: 11am-9:00pm Fri-Sat","Phone Number":"678-393-1913","Address":"5865 Gateway Dr","City":"Alpharetta","State":"GA","Country":"USA","Average_Rating":4.5},"geometry":{"type":"Point","coordinates":[-84.248367,34.141377]}},{"type":"Feature","properties":{"Name":"Mickey Pigg's BBQ","Phone Number":"706-776-2267","Address":"256 Anderson Cir","City":"Alto","State":"GA","Country":"USA","Average_Rating":4.3},"geometry":{"type":"Point","coordinates":[-83.592555,34.474096]}},{"type":"Feature","properties":{"Name":"Fatt Matt's Rib Shack","Phone Number":"404-607-1622","Address":"1811 Piedmont Ave NE","City":"Atlanta","State":"GA","Country":"USA","Average_Rating":4.5},"geometry":{"type":"Point","coordinates":[-84.367128,33.804678]}},{"type":"Feature","properties":{"Name":"Fat Matt's Rib Shack","Phone Number":"404-607-1622","Address":"1811 Piedmont Ave","City":"Atlanta","State":"GA","Country":"USA","Average_Rating":4.5},"geometry":{"type":"Point","coordinates":[-84.367121,33.804606]}},{"type":"Feature","properties":{"Name":"Sconyer's BBQ","Phone Number":"706-790-5411","Address":"2250 Sconyers Way","City":"Augusta","State":"GA","Country":"USA","Average_Rating":4.4},"geometry":{"type":"Point","coordinates":[-82.032752,33.408563]}},{"type":"Feature","properties":{"Name":"Wallace Barbecue Restaurant","Phone Number":"770-739-1686","Address":"3035 Veterans Memorial Hwy","City":"Austell","State":"GA","Country":"USA","Average_Rating":4.5},"geometry":{"type":"Point","coordinates":[-84.63619,33.805297]}},{"type":"Feature","properties":{"Name":"Lefty's BBQ","Phone Number":"770-945-9131","Address":"4965 Friendship Rd","City":"Buford","State":"GA","Country":"USA","Average_Rating":4.1},"geometry":{"type":"Point","coordinates":[-83.956024,34.144153]}},{"type":"Feature","properties":{"Name":"Dub's High on the Hog","Phone Number":"706-602-5150","Address":"349 S Wall St","City":"Calhoun","State":"GA","Country":"USA","Average_Rating":4.7},"geometry":{"type":"Point","coordinates":[-84.952156,34.497463]}},{"type":"Feature","properties":{"Name":"Williamson Bros. Bar-B-Q - Canton","Phone Number":"770-345-9067","Address":"1600 Marietta Hwy","City":"Canton","State":"GA","Country":"USA","Average_Rating":4.4},"geometry":{"type":"Point","coordinates":[-84.500764,34.22461]}},{"type":"Feature","properties":{"Name":"Hawg Wild II Good prices and portions","Phone Number":"706-754-4323","Address":"583 Grant St","City":"Clarkesville","State":"GA","Country":"USA","Average_Rating":3.9},"geometry":{"type":"Point","coordinates":[-83.519401,34.617748]}},{"type":"Feature","properties":{"Name":"Pappy Red's B-B-Que","Phone Number":"770-844-9446","Address":"867 Buford Rd","City":"Cumming","State":"GA","Country":"USA","Average_Rating":""},"geometry":{"type":"Point","coordinates":[-84.140639,34.185873]}},{"type":"Feature","properties":{"Name":"Miller Brothers Rib Shack","Phone Number":"706-278-7365","Address":"606 E Morris St","City":"Dalton","State":"GA","Country":"USA","Average_Rating":4.6},"geometry":{"type":"Point","coordinates":[-84.960678,34.768513]}},{"type":"Feature","properties":{"Name":"Dawsonville Dog's & Hog's","Phone Number":"706-216-4647","Address":"104 Highway 9 N","City":"Dawsonville","State":"GA","Country":"USA","Average_Rating":4.9},"geometry":{"type":"Point","coordinates":[-84.11759,34.421318]}},{"type":"Feature","properties":{"Name":"Williamson Bros. Bar-B-Q - Douglasville","Phone Number":"770-949-5058","Address":"7040 Concourse Pkwy","City":"Douglasville","State":"GA","Country":"USA","Average_Rating":4.2},"geometry":{"type":"Point","coordinates":[-84.758734,33.73001]}},{"type":"Feature","properties":{"Name":"Old Hickory House","Phone Number":"770-671-8185","Address":"5490 Chamblee-Dunwoody Rd","City":"Dunwoody","State":"GA","Country":"USA","Average_Rating":3.5},"geometry":{"type":"Point","coordinates":[-84.335572,33.947835]}},{"type":"Feature","properties":{"Name":"Poole's BBQ","Phone Number":"706-635-4100","Address":"164 Craig St","City":"E Ellijay","State":"GA","Country":"USA","Average_Rating":4.3},"geometry":{"type":"Point","coordinates":[-84.47473,34.683111]}},{"type":"Feature","properties":{"Name":"Hunter's Pub","Phone Number":"706-628-5992","Address":"11269 GA Highway 219","City":"Hamilton","State":"GA","Country":"USA","Average_Rating":4.7},"geometry":{"type":"Point","coordinates":[-85.02117,32.745694]}},{"type":"Feature","properties":{"Name":"Bub A Q: Jasper","Phone Number":"706-692-7929","Address":"1976 Highway 53 W","City":"Jasper","State":"GA","Country":"USA","Average_Rating":4.2},"geometry":{"type":"Point","coordinates":[-84.463971,34.465356]}},{"type":"Feature","properties":{"Name":"Keebles Hole in the Wall","Phone Number":"706-884-1988","Address":"1989 W Lukken Industrial Dr","City":"Lagrange","State":"GA","Country":"USA","Average_Rating":""},"geometry":{"type":"Point","coordinates":[-85.075894,33.018405]}},{"type":"Feature","properties":{"Name":"Spiced Right BBQ","Phone Number":"","Address":"5364 Lawrenceville Hwy","City":"Lilburn","State":"GA","Country":"USA","Average_Rating":4},"geometry":{"type":"Point","coordinates":[-84.158662,33.885997]}},{"type":"Feature","properties":{"Name":"JL's Open Pit Bar-B-Q","Phone Number":"428-788-1989","Address":"5001 Brookhaven Rd","City":"Macon","State":"GA","Country":"USA","Average_Rating":3.5},"geometry":{"type":"Point","coordinates":[-83.72073,32.811671]}},{"type":"Feature","properties":{"Name":"Williamson Bros. Bar-B-Q - Marietta","Phone Number":"770-971-3201","Address":"1425 Roswell Rd","City":"Marietta","State":"GA","Country":"USA","Average_Rating":4.3},"geometry":{"type":"Point","coordinates":[-84.510234,33.95088]}},{"type":"Feature","properties":{"Name":"JR's Loghouse","Phone Number":"770-449-6426","Address":"6601 Peachtree Ind. Blvd NW","City":"Norcross","State":"GA","Country":"USA","Average_Rating":4.3},"geometry":{"type":"Point","coordinates":[-84.248786,33.940583]}},{"type":"Feature","properties":{"Name":"Slopes BBQ - Roswell 11am-8:30pm Mon-Thur: 11am-9:00pm Fri-Sat","Phone Number":"770-518-7000","Address":"34 Crossville Rd","City":"Roswell","State":"GA","Country":"USA","Average_Rating":4.4},"geometry":{"type":"Point","coordinates":[-84.356951,34.046723]}},{"type":"Feature","properties":{"Name":"Slopes BBQ - Sandy Springs 11am-8:30pm Mon-Thur: 11am-9:00pm Fri-Sat","Phone Number":"404-252-3220","Address":"200 Johnson Ferry Rd","City":"Sandy Springs","State":"GA","Country":"USA","Average_Rating":4.4},"geometry":{"type":"Point","coordinates":[-84.38156,33.925843]}},{"type":"Feature","properties":{"Name":"Angel's","Phone Number":"912-495-0902","Address":"21 W Oglethorpe Ln","City":"Savannah","State":"GA","Country":"USA","Average_Rating":4.6},"geometry":{"type":"Point","coordinates":[-81.093696,32.076483]}},{"type":"Feature","properties":{"Name":"Walls' Bar-B-Que","Phone Number":"912-232-9754","Address":"515 E. York Ln","City":"Savannah","State":"GA","Country":"USA","Average_Rating":4.7},"geometry":{"type":"Point","coordinates":[-81.08672,32.07595]}},{"type":"Feature","properties":{"Name":"Vandy's BBQ","Phone Number":"912-764-2444","Address":"22 W Vine St","City":"Statesboro","State":"GA","Country":"USA","Average_Rating":4.1},"geometry":{"type":"Point","coordinates":[-81.784356,32.448135]}},{"type":"Feature","properties":{"Name":"Dillards Barbecue","Phone Number":"770-945-0703","Address":"2 Buford Hwy","City":"Suwanee","State":"GA","Country":"USA","Average_Rating":4.3},"geometry":{"type":"Point","coordinates":[-84.064765,34.057975]}},{"type":"Feature","properties":{"Name":"Pit Stop BBQ & Grill","Phone Number":"229-387-0888","Address":"1112 W 8th St","City":"Tifton","State":"GA","Country":"USA","Average_Rating":4.3},"geometry":{"type":"Point","coordinates":[-83.531032,31.463173]}},{"type":"Feature","properties":{"Name":"Bub A Q: Woodstock","Phone Number":"678-402-1662","Address":"10020 Georgia 92","City":"Woodstock","State":"GA","Country":"USA","Average_Rating":4},"geometry":{"type":"Point","coordinates":[-84.52139,34.084907]}},{"type":"Feature","properties":{"Name":"Big Jake's Island B-B-Q","Phone Number":"808-328-1227","Address":"83-5308 Mamalahoa Hwy","City":"Captain Cook","State":"HI","Country":"USA","Average_Rating":4.7},"geometry":{"type":"Point","coordinates":[-155.87951,19.4469]}},{"type":"Feature","properties":{"Name":"Claxon's Smokhouse and Grill","Phone Number":"515-967-7979","Address":"3131 8th St. SW","City":"Altoona","State":"IA","Country":"USA","Average_Rating":""},"geometry":{"type":"Point","coordinates":[-93.50073,41.64469]}},{"type":"Feature","properties":{"Name":"Hickory Park","Phone Number":"515-232-8940","Address":"1404 S. Duff","City":"Ames","State":"IA","Country":"USA","Average_Rating":4.5},"geometry":{"type":"Point","coordinates":[-96.61011,42.009968]}},{"type":"Feature","properties":{"Name":"Al & Irene's Barbeque House","Phone Number":"319-393-6242","Address":"2020 N Towne Ln NE","City":"Cedar Rapids","State":"IA","Country":"USA","Average_Rating":2.6},"geometry":{"type":"Point","coordinates":[-91.66852,42.03298]}},{"type":"Feature","properties":{"Name":"Famous Willie's Smoked brisket is fantastic.","Phone Number":"208-773-0000","Address":"107 E 7th Ave","City":"Post Falls","State":"ID","Country":"USA","Average_Rating":4.4},"geometry":{"type":"Point","coordinates":[-116.946802,47.714335]}},{"type":"Feature","properties":{"Name":"Texan Barbeque","Phone Number":"847-658-2130","Address":"104 N Main St","City":"Algonquin","State":"IL","Country":"USA","Average_Rating":4.4},"geometry":{"type":"Point","coordinates":[-88.291286,42.167883]}},{"type":"Feature","properties":{"Name":"Boss Hog's","Phone Number":"309-647-7427","Address":"111 E Valley View Dr","City":"Banner","State":"IL","Country":"USA","Average_Rating":3.8},"geometry":{"type":"Point","coordinates":[-89.905361,40.516856]}},{"type":"Feature","properties":{"Name":"Chucks Southern Comforts Café","Phone Number":"708-229-8700","Address":"5557 W 79th St","City":"Burbank","State":"IL","Country":"USA","Average_Rating":4.4},"geometry":{"type":"Point","coordinates":[-87.760526,41.748754]}},{"type":"Feature","properties":{"Name":"Twin Anchors","Phone Number":"312-266-1616","Address":"1655 N Sedgwick St","City":"Chicago","State":"IL","Country":"USA","Average_Rating":4.7},"geometry":{"type":"Point","coordinates":[-87.638599,41.912365]}},{"type":"Feature","properties":{"Name":"Robinson's No. 1 Ribs - Lincoln Park","Phone Number":"312-337-1399","Address":"655 W Armitage Ave","City":"Chicago","State":"IL","Country":"USA","Average_Rating":3.7},"geometry":{"type":"Point","coordinates":[-87.645889,41.918194]}},{"type":"Feature","properties":{"Name":"Risque Cafe","Phone Number":"773-525-7711","Address":"3419 N Clark St","City":"Chicago","State":"IL","Country":"USA","Average_Rating":3.8},"geometry":{"type":"Point","coordinates":[-87.653783,41.943867]}},{"type":"Feature","properties":{"Name":"Smoke Daddy","Phone Number":"773-235-6656","Address":"1804 W Division St","City":"Chicago","State":"IL","Country":"USA","Average_Rating":4.4},"geometry":{"type":"Point","coordinates":[-87.672694,41.903278]}},{"type":"Feature","properties":{"Name":"Leon's Famous Ribs","Phone Number":"773-975-7427","Address":"2418 N Ashland Ave","City":"Chicago","State":"IL","Country":"USA","Average_Rating":4.8},"geometry":{"type":"Point","coordinates":[-87.668139,41.92575]}},{"type":"Feature","properties":{"Name":"Honey 1 BBQ","Phone Number":"773-227-5130","Address":"2241 N Western Ave","City":"Chicago","State":"IL","Country":"USA","Average_Rating":4},"geometry":{"type":"Point","coordinates":[-87.68755,41.9228]}},{"type":"Feature","properties":{"Name":"Calvin's BBQ","Phone Number":"773-342-5100","Address":"2540 W Armitage Ave","City":"Chicago","State":"IL","Country":"USA","Average_Rating":""},"geometry":{"type":"Point","coordinates":[-87.69175,41.917556]}},{"type":"Feature","properties":{"Name":"Fat Willy's Rib Shack","Phone Number":"773-782-1800","Address":"2416 W Schubert Ave","City":"Chicago","State":"IL","Country":"USA","Average_Rating":4.5},"geometry":{"type":"Point","coordinates":[-87.6885,41.930361]}},{"type":"Feature","properties":{"Name":"Smoque","Phone Number":"773-545-7427","Address":"3800 N Pulaski Rd","City":"Chicago","State":"IL","Country":"USA","Average_Rating":4.6},"geometry":{"type":"Point","coordinates":[-87.727503,41.951]}},{"type":"Feature","properties":{"Name":"Rib Palace","Phone Number":"773-379-6264","Address":"5607 W Lake St","City":"Chicago","State":"IL","Country":"USA","Average_Rating":3.8},"geometry":{"type":"Point","coordinates":[-87.765361,41.887694]}},{"type":"Feature","properties":{"Name":"Crystal Lake Rib House","Phone Number":"815-477-3600","Address":"540 E Terra Cotta Ave","City":"Crystal Lake","State":"IL","Country":"USA","Average_Rating":4.6},"geometry":{"type":"Point","coordinates":[-88.300184,42.249121]}},{"type":"Feature","properties":{"Name":"Jim's Rib Haven: East Moline","Phone Number":"309-752-1240","Address":"1600 10th St","City":"E Moline","State":"IL","Country":"USA","Average_Rating":4.3},"geometry":{"type":"Point","coordinates":[-90.438756,41.515213]}},{"type":"Feature","properties":{"Name":"Sweet Baby Ray?s - Elk Grove Village","Phone Number":"847-437-9555","Address":"800 E. Higgins Rd","City":"Elk Grove Village","State":"IL","Country":"USA","Average_Rating":4.1},"geometry":{"type":"Point","coordinates":[-87.975784,42.027649]}},{"type":"Feature","properties":{"Name":"Russells BBQ - Thatcher Ave","Phone Number":"708-453-7065","Address":"1621 N Thatcher Ave","City":"Elmwood Park","State":"IL","Country":"USA","Average_Rating":4.1},"geometry":{"type":"Point","coordinates":[-87.823887,41.909156]}},{"type":"Feature","properties":{"Name":"Rib Shack Small place. Good food. Long line at the drive-through.","Phone Number":"309-344-1915","Address":"1815 N Henderson","City":"Galesburg","State":"IL","Country":"USA","Average_Rating":""},"geometry":{"type":"Point","coordinates":[-90.382712,40.969497]}},{"type":"Feature","properties":{"Name":"Brickhouse BBQ","Phone Number":"217-245-4587","Address":"19 S Central Park Plaza","City":"Jacksonville","State":"IL","Country":"USA","Average_Rating":3.8},"geometry":{"type":"Point","coordinates":[-90.228326,39.733491]}},{"type":"Feature","properties":{"Name":"Main Street Smokehouse","Phone Number":"847-247-4330","Address":"536 N Milwaukee Ave","City":"Libertyville","State":"IL","Country":"USA","Average_Rating":4.2},"geometry":{"type":"Point","coordinates":[-87.954526,42.288596]}},{"type":"Feature","properties":{"Name":"17th Street Bar and Grill","Phone Number":"618-998-1114","Address":"2700 17th St","City":"Marion","State":"IL","Country":"USA","Average_Rating":4.5},"geometry":{"type":"Point","coordinates":[-88.965267,37.745167]}},{"type":"Feature","properties":{"Name":"The Original Hog Wild","Phone Number":"708-371-9005","Address":"14933 S Pulaski Rd","City":"Midlothian","State":"IL","Country":"USA","Average_Rating":4.2},"geometry":{"type":"Point","coordinates":[-87.717434,41.621335]}},{"type":"Feature","properties":{"Name":"17th St. Barbecue","Phone Number":"618-684-3722","Address":"32 N. 17th St","City":"Murphysboro","State":"IL","Country":"USA","Average_Rating":4.5},"geometry":{"type":"Point","coordinates":[-89.341888,37.76462]}},{"type":"Feature","properties":{"Name":"Robinson's No. 1 Ribs - Oak Park","Phone Number":"708-383-8452","Address":"940 Madison St","City":"Oak Park","State":"IL","Country":"USA","Average_Rating":3.5},"geometry":{"type":"Point","coordinates":[-87.79875,41.879722]}},{"type":"Feature","properties":{"Name":"Jim's Rib Haven: Rock Island","Phone Number":"309-786-8084","Address":"531 24th St","City":"Rock Island","State":"IL","Country":"USA","Average_Rating":4.3},"geometry":{"type":"Point","coordinates":[-90.56638,41.507151]}},{"type":"Feature","properties":{"Name":"Russells BBQ - Algonquin Rd","Phone Number":"847-259-5710","Address":"2885 Algonquin Rd","City":"Rolling Meadows","State":"IL","Country":"USA","Average_Rating":4.1},"geometry":{"type":"Point","coordinates":[-88.012888,42.059293]}},{"type":"Feature","properties":{"Name":"Uncle Bub's","Phone Number":"630-493-9000","Address":"132 S Cass Ave","City":"Westmont","State":"IL","Country":"USA","Average_Rating":4.4},"geometry":{"type":"Point","coordinates":[-87.974524,41.771767]}},{"type":"Feature","properties":{"Name":"Sweet Baby Ray?s - Wood Dale","Phone Number":"630-238-8261","Address":"249 E. Irving Park Rd","City":"Wood Dale","State":"IL","Country":"USA","Average_Rating":4.5},"geometry":{"type":"Point","coordinates":[-87.972189,41.962872]}},{"type":"Feature","properties":{"Name":"BBQ King Smokehouse","Phone Number":"815-338-3477","Address":"123 E Calhoun St","City":"Woodstock","State":"IL","Country":"USA","Average_Rating":4.3},"geometry":{"type":"Point","coordinates":[-88.446702,42.313794]}},{"type":"Feature","properties":{"Name":"Brooks BBQ","Phone Number":"260-422-9977","Address":"1403 Winter St","City":"Fort Wayne","State":"IN","Country":"USA","Average_Rating":""},"geometry":{"type":"Point","coordinates":[-85.112818,41.073856]}},{"type":"Feature","properties":{"Name":"King Ribs Bar-BQ - Pendleton Pike","Phone Number":"317-547-5464","Address":"7336 Pendleton Pike","City":"Indianapolis","State":"IN","Country":"USA","Average_Rating":4.1},"geometry":{"type":"Point","coordinates":[-86.0396,39.830444]}},{"type":"Feature","properties":{"Name":"GT Souths - 71st St","Phone Number":"317-849-6997","Address":"5711 E 71st St","City":"Indianapolis","State":"IN","Country":"USA","Average_Rating":4.2},"geometry":{"type":"Point","coordinates":[-86.071533,39.883228]}},{"type":"Feature","properties":{"Name":"Black Diamond Barbecue","Phone Number":"317-251-7424","Address":"6404 Rucker Rd","City":"Indianapolis","State":"IN","Country":"USA","Average_Rating":4.4},"geometry":{"type":"Point","coordinates":[-86.079853,39.872548]}},{"type":"Feature","properties":{"Name":"GT Souths - Emerson Ave","Phone Number":"317-791-6637","Address":"4919 S Emerson Ave","City":"Indianapolis","State":"IN","Country":"USA","Average_Rating":4.8},"geometry":{"type":"Point","coordinates":[-86.082189,39.696123]}},{"type":"Feature","properties":{"Name":"King Ribs Bar-BQ - Keystone Ave","Phone Number":"317-543-0841","Address":"4130 N Keystone Ave","City":"Indianapolis","State":"IN","Country":"USA","Average_Rating":4.1},"geometry":{"type":"Point","coordinates":[-86.121986,39.831458]}},{"type":"Feature","properties":{"Name":"Hank's Smoked Brisket","Phone Number":"317-925-1689","Address":"3736 Dr.Martin Luther King St","City":"Indianapolis","State":"IN","Country":"USA","Average_Rating":4.5},"geometry":{"type":"Point","coordinates":[-86.173862,39.810181]}},{"type":"Feature","properties":{"Name":"King Ribs Bar-BQ - 16th St","Phone Number":"317-488-0223","Address":"3145 W 16th St","City":"Indianapolis","State":"IN","Country":"USA","Average_Rating":4.3},"geometry":{"type":"Point","coordinates":[-86.21175,39.787746]}},{"type":"Feature","properties":{"Name":"Danny Boy's BBQ","Phone Number":"620-669-7252","Address":"307 N. Main St","City":"Hutchinson","State":"KS","Country":"USA","Average_Rating":3.9},"geometry":{"type":"Point","coordinates":[-97.932416,38.056526]}},{"type":"Feature","properties":{"Name":"Joe's Kansas City Bar-B-Que","Phone Number":"913-722-3366","Address":"3002 W 47th Ave","City":"Kansas City","State":"KS","Country":"USA","Average_Rating":4.8},"geometry":{"type":"Point","coordinates":[-94.619895,39.044207]}},{"type":"Feature","properties":{"Name":"Woodyard Barbeque","Phone Number":"913-362-8000","Address":"3001 Merriam Ln","City":"Kansas City","State":"KS","Country":"USA","Average_Rating":4.3},"geometry":{"type":"Point","coordinates":[-94.66288,39.04567]}},{"type":"Feature","properties":{"Name":"Arthur Bryant's BBQ Legends","Phone Number":"913-788-7500","Address":"1702 Village West Pkwy","City":"Kansas City","State":"KS","Country":"USA","Average_Rating":4.3},"geometry":{"type":"Point","coordinates":[-94.825346,39.123886]}},{"type":"Feature","properties":{"Name":"Biemer's BBQ","Phone Number":"785-842-2930","Address":"2120 W 9th","City":"Lawrence","State":"KS","Country":"USA","Average_Rating":4.7},"geometry":{"type":"Point","coordinates":[-95.2615,38.9681]}},{"type":"Feature","properties":{"Name":"Bigg?s Barbeque","Phone Number":"785-856-2550","Address":"2429 S Iowa St","City":"Lawrence","State":"KS","Country":"USA","Average_Rating":4.5},"geometry":{"type":"Point","coordinates":[-95.26058,38.93981]}},{"type":"Feature","properties":{"Name":"Joe's Kansas City Bar-B-Que","Phone Number":"913-338-5151","Address":"11723 Roe Ave","City":"Leawood","State":"KS","Country":"USA","Average_Rating":4.7},"geometry":{"type":"Point","coordinates":[-94.639223,38.915185]}},{"type":"Feature","properties":{"Name":"Zarda Bar-B-Q","Phone Number":"913-492-2330","Address":"11931 W 87th St Pkwy","City":"Lenexa","State":"KS","Country":"USA","Average_Rating":4.3},"geometry":{"type":"Point","coordinates":[-94.72421,38.97104]}},{"type":"Feature","properties":{"Name":"Pat?s Blue Rib?n Barbeque","Phone Number":"785-539-7426","Address":"1200 Moro St","City":"Manhattan","State":"KS","Country":"USA","Average_Rating":3.6},"geometry":{"type":"Point","coordinates":[-96.57485,39.18574]}},{"type":"Feature","properties":{"Name":"Joe's Kansas City Bar-B-Que","Phone Number":"913-782-6858","Address":"11950 S Strang Line Rd","City":"Olathe","State":"KS","Country":"USA","Average_Rating":4.7},"geometry":{"type":"Point","coordinates":[-94.766895,38.911228]}},{"type":"Feature","properties":{"Name":"Johnny?s Hickory House BBQ","Phone Number":"913-768-0777","Address":"1375 W Old 56 Hwy","City":"Olathe","State":"KS","Country":"USA","Average_Rating":4.5},"geometry":{"type":"Point","coordinates":[-94.84016,38.86688]}},{"type":"Feature","properties":{"Name":"Hayward's Pit Bar-B-Que","Phone Number":"913-451-8080","Address":"11051 S. Antioch","City":"Overland Park","State":"KS","Country":"USA","Average_Rating":4.5},"geometry":{"type":"Point","coordinates":[-94.685711,38.928703]}},{"type":"Feature","properties":{"Name":"Fiorella's Jack Stack BBQ - Overland Park","Phone Number":"913-385-7427","Address":"9520 Metcalf Ave","City":"Overland Parkl","State":"KS","Country":"USA","Average_Rating":4.6},"geometry":{"type":"Point","coordinates":[-94.66834,38.95604]}},{"type":"Feature","properties":{"Name":"The BBQ Shack","Phone Number":"913-294-5908","Address":"1613 E Peoria St","City":"Paola","State":"KS","Country":"USA","Average_Rating":4.1},"geometry":{"type":"Point","coordinates":[-94.85764,38.57054]}},{"type":"Feature","properties":{"Name":"TAG?s Grill & Bar","Phone Number":"785-335-2020","Address":"319 Cloud St","City":"Scandia","State":"KS","Country":"USA","Average_Rating":4.4},"geometry":{"type":"Point","coordinates":[-97.78564,39.79771]}},{"type":"Feature","properties":{"Name":"Bates City Bar-B-Que","Phone Number":"913-962-7447","Address":"6493 Quivira Rd","City":"Shawnee","State":"KS","Country":"USA","Average_Rating":4.5},"geometry":{"type":"Point","coordinates":[-94.72373,39.01142]}},{"type":"Feature","properties":{"Name":"K&M Bar-B-Q","Phone Number":"913-592-5145","Address":"603 N Webster St","City":"Spring Hill","State":"KS","Country":"USA","Average_Rating":4.6},"geometry":{"type":"Point","coordinates":[-94.82566,38.74895]}},{"type":"Feature","properties":{"Name":"Daniel?s Bar-B-Q","Phone Number":"913-369-2440","Address":"215 West St","City":"Tonganoxie","State":"KS","Country":"USA","Average_Rating":""},"geometry":{"type":"Point","coordinates":[-95.09345,39.11111]}},{"type":"Feature","properties":{"Name":"Boss Hawg's BBQ","Phone Number":"785-273-7300","Address":"2833 S.W. 29th St","City":"Topeka","State":"KS","Country":"USA","Average_Rating":3.6},"geometry":{"type":"Point","coordinates":[-95.714106,39.014402]}},{"type":"Feature","properties":{"Name":"Guy & Mae's Tavern","Phone Number":"785-746-8830","Address":"119 W. William St","City":"Williamsburg","State":"KS","Country":"USA","Average_Rating":4.7},"geometry":{"type":"Point","coordinates":[-95.466529,38.478716]}},{"type":"Feature","properties":{"Name":"Moonlite Bar-B-Q Inn","Phone Number":"270-684-8143","Address":"2840 W Parish Ave","City":"Owensboro","State":"KY","Country":"USA","Average_Rating":4.5},"geometry":{"type":"Point","coordinates":[-87.14863,37.75711]}},{"type":"Feature","properties":{"Name":"The Joint The Joint's juicy slow-cooked pulled pork and beef brisket; chicken and ribs along w/ a bunch of home-style sides and other fixins has earned it the 'Beat BBQ in New Orleans' and one of 'Bon Appétit's' top 10 non-chain BBQ restaurants in the US.","Phone Number":"504-949-3232","Address":"701 Mazant St","City":"New Orleans","State":"LA","Country":"USA","Average_Rating":4.6},"geometry":{"type":"Point","coordinates":[-90.03546,29.961323]}},{"type":"Feature","properties":{"Name":"Blue Ribbon BBQ - Arlington","Phone Number":"781-648-7427","Address":"910 Massachusetts Ave","City":"Arlington","State":"MA","Country":"USA","Average_Rating":4.4},"geometry":{"type":"Point","coordinates":[-71.164692,42.417668]}},{"type":"Feature","properties":{"Name":"Joff's Backyard Grill","Phone Number":"508-966-2938","Address":"61A Mechanic St","City":"Bellingham","State":"MA","Country":"USA","Average_Rating":4.6},"geometry":{"type":"Point","coordinates":[-71.472026,42.084506]}},{"type":"Feature","properties":{"Name":"Tony G's BBQ","Phone Number":"617-484-0001","Address":"289 Belmont St","City":"Belmont","State":"MA","Country":"USA","Average_Rating":3.1},"geometry":{"type":"Point","coordinates":[-71.163531,42.376895]}},{"type":"Feature","properties":{"Name":"Goodstuff Smokehouse","Phone Number":"508-928-1815","Address":"97 Main St","City":"Blackstone","State":"MA","Country":"USA","Average_Rating":4.6},"geometry":{"type":"Point","coordinates":[-71.536058,42.018639]}},{"type":"Feature","properties":{"Name":"Slater's","Phone Number":"978-779-6680","Address":"356 Great Rd","City":"Bolton","State":"MA","Country":"USA","Average_Rating":4.4},"geometry":{"type":"Point","coordinates":[-71.524523,42.434476]}},{"type":"Feature","properties":{"Name":"Sweet Cheeks Q","Phone Number":"617-266-1300","Address":"1381 Boylston St","City":"Boston","State":"MA","Country":"USA","Average_Rating":4.3},"geometry":{"type":"Point","coordinates":[-71.101076,42.34382]}},{"type":"Feature","properties":{"Name":"Cask 'n Flagon","Phone Number":"617-536-4840","Address":"62 Brookline Ave","City":"Boston","State":"MA","Country":"USA","Average_Rating":4.1},"geometry":{"type":"Point","coordinates":[-71.098125,42.34741]}},{"type":"Feature","properties":{"Name":"Whiskey's","Phone Number":"617-262-5551","Address":"885 Boylston St","City":"Boston","State":"MA","Country":"USA","Average_Rating":3.9},"geometry":{"type":"Point","coordinates":[-71.083684,42.348612]}},{"type":"Feature","properties":{"Name":"Tennessee's Barbeque","Phone Number":"617-421-1400","Address":"47 Huntington Ave","City":"Boston","State":"MA","Country":"USA","Average_Rating":""},"geometry":{"type":"Point","coordinates":[-71.078223,42.348396]}},{"type":"Feature","properties":{"Name":"Great Barbecue","Phone Number":"617-728-8699","Address":"15 Hudson St","City":"Boston","State":"MA","Country":"USA","Average_Rating":4.1},"geometry":{"type":"Point","coordinates":[-71.060213,42.350644]}},{"type":"Feature","properties":{"Name":"Causeway Restaurant & Bar","Phone Number":"617-227-9100","Address":"65 Causeway St","City":"Boston","State":"MA","Country":"USA","Average_Rating":4.1},"geometry":{"type":"Point","coordinates":[-71.062656,42.364517]}},{"type":"Feature","properties":{"Name":"Larry J's BBQ Cafe","Phone Number":"617-348-9800","Address":"600 D St","City":"Boston","State":"MA","Country":"USA","Average_Rating":4},"geometry":{"type":"Point","coordinates":[-71.039202,42.348594]}},{"type":"Feature","properties":{"Name":"Shed's BBQ","Phone Number":"617-542-7433","Address":"32 Bromfield Street","City":"Boston","State":"MA","Country":"USA","Average_Rating":4.1},"geometry":{"type":"Point","coordinates":[-71.060233,42.356606]}},{"type":"Feature","properties":{"Name":"The Smoke Shop","Phone Number":"617-261-7427","Address":"343 Congress Street","City":"Boston","State":"MA","Country":"USA","Average_Rating":4.4},"geometry":{"type":"Point","coordinates":[-71.049361,42.350614]}},{"type":"Feature","properties":{"Name":"Lucy's American Tavern","Phone Number":"617-326-6677","Address":"13 Granite Avenue","City":"Boston","State":"MA","Country":"USA","Average_Rating":4.4},"geometry":{"type":"Point","coordinates":[-71.055859,42.282269]}},{"type":"Feature","properties":{"Name":"Southern Proper","Phone Number":"857-233-2421","Address":"600 Harrison Avenue","City":"Boston","State":"MA","Country":"USA","Average_Rating":4.1},"geometry":{"type":"Point","coordinates":[-71.067779,42.340448]}},{"type":"Feature","properties":{"Name":"Tasty BBQ In the food court of the Corner Mall.","Phone Number":"","Address":"417 Washington Street","City":"Boston","State":"MA","Country":"USA","Average_Rating":4},"geometry":{"type":"Point","coordinates":[-71.060498,42.355864]}},{"type":"Feature","properties":{"Name":"Tennessee's Real BBQ-Real Fast","Phone Number":"781-843-0999","Address":"173 Pearl St","City":"Braintree","State":"MA","Country":"USA","Average_Rating":4.4},"geometry":{"type":"Point","coordinates":[-70.999554,42.20298]}},{"type":"Feature","properties":{"Name":"Village Smokehouse","Phone Number":"617-566-3782","Address":"1 Harvard St","City":"Brookline Village","State":"MA","Country":"USA","Average_Rating":4.7},"geometry":{"type":"Point","coordinates":[-71.118677,42.333412]}},{"type":"Feature","properties":{"Name":"Lester's BBQ","Phone Number":"781-221-7427","Address":"376 Cambridge St","City":"Burlington","State":"MA","Country":"USA","Average_Rating":""},"geometry":{"type":"Point","coordinates":[-71.218876,42.52379]}},{"type":"Feature","properties":{"Name":"Rusty Can","Phone Number":"978-462-1204","Address":"6 Fruit Street","City":"Byfield","State":"MA","Country":"USA","Average_Rating":4.7},"geometry":{"type":"Point","coordinates":[-70.938998,42.755338]}},{"type":"Feature","properties":{"Name":"The Smoke Shop","Phone Number":"617-577-7427","Address":"1 Kendall Square","City":"Cambridge","State":"MA","Country":"USA","Average_Rating":4.5},"geometry":{"type":"Point","coordinates":[-71.09006,42.367815]}},{"type":"Feature","properties":{"Name":"Little Red Smokehouse","Phone Number":"508-465-0018","Address":"145 S Main St","City":"Carver","State":"MA","Country":"USA","Average_Rating":4.1},"geometry":{"type":"Point","coordinates":[-70.750012,41.837803]}},{"type":"Feature","properties":{"Name":"Blackmoor Bar & Kitchen","Phone Number":"617-580-8166","Address":"1 Chelsea Street","City":"Charlestown","State":"MA","Country":"USA","Average_Rating":4.2},"geometry":{"type":"Point","coordinates":[-71.061389,42.371168]}},{"type":"Feature","properties":{"Name":"Cask & Pig - Kitchen & Alehouse","Phone Number":"774-992-0183","Address":"780 State Road","City":"Dartmouth","State":"MA","Country":"USA","Average_Rating":4.5},"geometry":{"type":"Point","coordinates":[-71.031979,41.639431]}},{"type":"Feature","properties":{"Name":"Chris Texas BBQ","Phone Number":"617-436-4700","Address":"1370 Dorchester Ave","City":"Dorchester","State":"MA","Country":"USA","Average_Rating":3.9},"geometry":{"type":"Point","coordinates":[-71.059193,42.303766]}},{"type":"Feature","properties":{"Name":"Smokin Lil's BBQ","Phone Number":"413-527-5566","Address":"82 Cottage St","City":"Easthampton","State":"MA","Country":"USA","Average_Rating":5},"geometry":{"type":"Point","coordinates":[-72.66563,42.26434]}},{"type":"Feature","properties":{"Name":"The Farm Bar & Grill","Phone Number":"978-768-0000","Address":"233 Western Avenue","City":"Essex","State":"MA","Country":"USA","Average_Rating":4.3},"geometry":{"type":"Point","coordinates":[-70.815556,42.622398]}},{"type":"Feature","properties":{"Name":"Ed's Famous BBQ","Phone Number":"508-567-3073","Address":"756 Brayton Ave","City":"Fall River","State":"MA","Country":"USA","Average_Rating":4.4},"geometry":{"type":"Point","coordinates":[-71.144674,41.682715]}},{"type":"Feature","properties":{"Name":"Doggz & Hoggz","Phone Number":"508-548-3663","Address":"781 Main St","City":"Falmouth","State":"MA","Country":"USA","Average_Rating":4.7},"geometry":{"type":"Point","coordinates":[-70.602019,41.553631]}},{"type":"Feature","properties":{"Name":"Outlaw BBQ","Phone Number":"508-543-9111","Address":"94 Washington St","City":"Foxboro","State":"MA","Country":"USA","Average_Rating":4.7},"geometry":{"type":"Point","coordinates":[-71.275286,42.085843]}},{"type":"Feature","properties":{"Name":"Tennessee's Real BBQ-Real Fast","Phone Number":"508-626-7140","Address":"341 Cochituate Rd","City":"Framingham","State":"MA","Country":"USA","Average_Rating":4},"geometry":{"type":"Point","coordinates":[-71.401629,42.301666]}},{"type":"Feature","properties":{"Name":"Firefly's - Framingham","Phone Number":"508-820-3333","Address":"235 Old Connecticut Path","City":"Framingham","State":"MA","Country":"USA","Average_Rating":4},"geometry":{"type":"Point","coordinates":[-71.401577,42.3069]}},{"type":"Feature","properties":{"Name":"Wildwood Barbeque","Phone Number":"413-584-4227","Address":"235 Russell St","City":"Hadley","State":"MA","Country":"USA","Average_Rating":4.2},"geometry":{"type":"Point","coordinates":[-72.572612,42.346753]}},{"type":"Feature","properties":{"Name":"Waterfront Tavern","Phone Number":"413-538-4968","Address":"920 Main St","City":"Holyoke","State":"MA","Country":"USA","Average_Rating":4.2},"geometry":{"type":"Point","coordinates":[-72.625797,42.185028]}},{"type":"Feature","properties":{"Name":"Jones River Tavern BBQ","Phone Number":"781-585-4420","Address":"6 Pembroke Street","City":"Kingston","State":"MA","Country":"USA","Average_Rating":4.2},"geometry":{"type":"Point","coordinates":[-70.742703,41.995474]}},{"type":"Feature","properties":{"Name":"Men Wielding Fire","Phone Number":"508-923-1124","Address":"54 Main St","City":"Lakeville","State":"MA","Country":"USA","Average_Rating":""},"geometry":{"type":"Point","coordinates":[-70.927674,41.873471]}},{"type":"Feature","properties":{"Name":"Madjack's BBQ","Phone Number":"413-442-2290","Address":"126 S Main St","City":"Lanesboro","State":"MA","Country":"USA","Average_Rating":3.6},"geometry":{"type":"Point","coordinates":[-73.229282,42.512954]}},{"type":"Feature","properties":{"Name":"Mill City BBQ & Brew","Phone Number":"978-453-6400","Address":"1018 Gorham St","City":"Lowell","State":"MA","Country":"USA","Average_Rating":4.3},"geometry":{"type":"Point","coordinates":[-71.30771,42.627595]}},{"type":"Feature","properties":{"Name":"Firefly's - Marlborough","Phone Number":"508-357-8883","Address":"350 E. Main St","City":"Marlborough","State":"MA","Country":"USA","Average_Rating":4.6},"geometry":{"type":"Point","coordinates":[-71.529948,42.35274]}},{"type":"Feature","properties":{"Name":"Pit Stop Barbeque","Phone Number":"617-436-0485","Address":"888 Morton St","City":"Mattapan","State":"MA","Country":"USA","Average_Rating":3.7},"geometry":{"type":"Point","coordinates":[-71.084219,42.280868]}},{"type":"Feature","properties":{"Name":"Battle Road Brewing Company","Phone Number":"978-298-5229","Address":"5 Clock tower Place","City":"Maynard","State":"MA","Country":"USA","Average_Rating":3.9},"geometry":{"type":"Point","coordinates":[-71.455625,42.430358]}},{"type":"Feature","properties":{"Name":"PJ's Smoke 'N' Grill","Phone Number":"508-321-1193","Address":"112 Main Street","City":"Medway","State":"MA","Country":"USA","Average_Rating":4.3},"geometry":{"type":"Point","coordinates":[-71.417085,42.150608]}},{"type":"Feature","properties":{"Name":"Greenhouse Wood Fired Pub","Phone Number":"508-634-8900","Address":"3 Cape Rd","City":"Mendon","State":"MA","Country":"USA","Average_Rating":4},"geometry":{"type":"Point","coordinates":[-71.504419,42.102084]}},{"type":"Feature","properties":{"Name":"Carnivores All American BBQ","Phone Number":"508-478-4227","Address":"134 S Main St","City":"Milford","State":"MA","Country":"USA","Average_Rating":4.4},"geometry":{"type":"Point","coordinates":[-71.517914,42.127413]}},{"type":"Feature","properties":{"Name":"The Coop","Phone Number":"508-865-3100","Address":"110 Elm Street","City":"Millbury","State":"MA","Country":"USA","Average_Rating":4.5},"geometry":{"type":"Point","coordinates":[-71.761444,42.191171]}},{"type":"Feature","properties":{"Name":"B-Ack Yard BBQ","Phone Number":"508-228-0227","Address":"10 Straight Wharf","City":"Nantucket","State":"MA","Country":"USA","Average_Rating":4.5},"geometry":{"type":"Point","coordinates":[-70.095647,41.284219]}},{"type":"Feature","properties":{"Name":"Brick & Ash","Phone Number":"978-255-2642","Address":"10 Center St","City":"Newburyport","State":"MA","Country":"USA","Average_Rating":""},"geometry":{"type":"Point","coordinates":[-70.868126,42.811295]}},{"type":"Feature","properties":{"Name":"Blue Ribbon BBQ - Newton","Phone Number":"617-332-2583","Address":"1375 Washington St","City":"Newton","State":"MA","Country":"USA","Average_Rating":4.3},"geometry":{"type":"Point","coordinates":[-71.229962,42.34838]}},{"type":"Feature","properties":{"Name":"Horseshoe Grille","Phone Number":"888-499-7427","Address":"226 Main St","City":"North Reading","State":"MA","Country":"USA","Average_Rating":4.2},"geometry":{"type":"Point","coordinates":[-71.115961,42.588065]}},{"type":"Feature","properties":{"Name":"The Texas BBQ Company","Phone Number":"508-393-4742","Address":"309 Main St","City":"Northboro","State":"MA","Country":"USA","Average_Rating":4.4},"geometry":{"type":"Point","coordinates":[-71.619159,42.328645]}},{"type":"Feature","properties":{"Name":"Highland BBQ","Phone Number":"413-498-2747","Address":"95 Main St","City":"Northfield","State":"MA","Country":"USA","Average_Rating":4.3},"geometry":{"type":"Point","coordinates":[-72.454216,42.69729]}},{"type":"Feature","properties":{"Name":"Antonina's Kitchen Restaurant","Phone Number":"413-325-6301","Address":"29 W Main St","City":"Orange","State":"MA","Country":"USA","Average_Rating":4.7},"geometry":{"type":"Point","coordinates":[-72.311282,42.59094]}},{"type":"Feature","properties":{"Name":"Big Dogs Barbecue","Phone Number":"508-225-0636","Address":"191 Route 6A","City":"Orleans","State":"MA","Country":"USA","Average_Rating":4.7},"geometry":{"type":"Point","coordinates":[-69.997875,41.78112]}},{"type":"Feature","properties":{"Name":"Tennessee's Real BBQ-Real Fast","Phone Number":"978-977-9977","Address":"260 Andover St","City":"Peabody","State":"MA","Country":"USA","Average_Rating":4.4},"geometry":{"type":"Point","coordinates":[-70.951495,42.547988]}},{"type":"Feature","properties":{"Name":"Surfside Smokehouse","Phone Number":"508-927-4111","Address":"14 Union st","City":"Plymouth","State":"MA","Country":"USA","Average_Rating":4.2},"geometry":{"type":"Point","coordinates":[-70.661222,41.955902]}},{"type":"Feature","properties":{"Name":"Firefly's - Quincy","Phone Number":"617-471-0011","Address":"516 Adams St","City":"Quincy","State":"MA","Country":"USA","Average_Rating":3.1},"geometry":{"type":"Point","coordinates":[-71.026377,42.25386]}},{"type":"Feature","properties":{"Name":"2 Jerks BBQ","Phone Number":"508-386-2737","Address":"701 Broadway","City":"Raynham","State":"MA","Country":"USA","Average_Rating":4.5},"geometry":{"type":"Point","coordinates":[-71.073526,41.947555]}},{"type":"Feature","properties":{"Name":"Full Rack Smokehouse","Phone Number":"781-284-9650","Address":"297 Lee Burbank Highway (Route 1A)","City":"Revere","State":"MA","Country":"USA","Average_Rating":4.3},"geometry":{"type":"Point","coordinates":[-71.003855,42.4026]}},{"type":"Feature","properties":{"Name":"The American Barbecue","Phone Number":"978-948-2626","Address":"5 Railroad Ave","City":"Rowley","State":"MA","Country":"USA","Average_Rating":4.5},"geometry":{"type":"Point","coordinates":[-70.864964,42.724765]}},{"type":"Feature","properties":{"Name":"Arizona Barbeque","Phone Number":"617-442-2999","Address":"2360 Washington St","City":"Roxbury","State":"MA","Country":"USA","Average_Rating":3.5},"geometry":{"type":"Point","coordinates":[-71.084569,42.329468]}},{"type":"Feature","properties":{"Name":"Hen House","Phone Number":"617-442-9464","Address":"1033 Massachusetts Ave","City":"Roxbury","State":"MA","Country":"USA","Average_Rating":4.1},"geometry":{"type":"Point","coordinates":[-71.067638,42.327127]}},{"type":"Feature","properties":{"Name":"Sagamore Beach Barbecue","Phone Number":"508-833-8883","Address":"41 Meeting House Ln","City":"Sagamore Beach","State":"MA","Country":"USA","Average_Rating":4.1},"geometry":{"type":"Point","coordinates":[-70.538351,41.782172]}},{"type":"Feature","properties":{"Name":"Boneyard Barbecue & Saloon","Phone Number":"508-761-6854","Address":"540 Central Ave","City":"Seekonk","State":"MA","Country":"USA","Average_Rating":3.9},"geometry":{"type":"Point","coordinates":[-71.322667,41.899831]}},{"type":"Feature","properties":{"Name":"Charlie T's Barbeque","Phone Number":"508-336-6634","Address":"350 Fall River Ave","City":"Seekonk","State":"MA","Country":"USA","Average_Rating":2.9},"geometry":{"type":"Point","coordinates":[-71.336076,41.819146]}},{"type":"Feature","properties":{"Name":"Smoky Bro's BBQ","Phone Number":"413-489-1515","Address":"874 Mohawk Trl","City":"Shelburne","State":"MA","Country":"USA","Average_Rating":4.5},"geometry":{"type":"Point","coordinates":[-72.682006,42.593154]}},{"type":"Feature","properties":{"Name":"Williker's Tex Mex and BBQ","Phone Number":"508-842-3030","Address":"896 Hartford Trnpk","City":"Shrewsbury","State":"MA","Country":"USA","Average_Rating":3.9},"geometry":{"type":"Point","coordinates":[-71.675262,42.277511]}},{"type":"Feature","properties":{"Name":"Redbones Barbecue","Phone Number":"617-628-2200","Address":"55 Chester St","City":"Somerville","State":"MA","Country":"USA","Average_Rating":4.3},"geometry":{"type":"Point","coordinates":[-71.122493,42.395026]}},{"type":"Feature","properties":{"Name":"Back Porch BBQ","Phone Number":"413-397-3169","Address":"20 Elm Street","City":"South Deerfield","State":"MA","Country":"USA","Average_Rating":4.5},"geometry":{"type":"Point","coordinates":[-72.611192,42.477913]}},{"type":"Feature","properties":{"Name":"CPC Craft Meats and Smokehouse","Phone Number":"413-998-3467","Address":"108 Congamond Road","City":"Southwick","State":"MA","Country":"USA","Average_Rating":4.5},"geometry":{"type":"Point","coordinates":[-72.771284,42.01984]}},{"type":"Feature","properties":{"Name":"Grandaddy Frank's BBQ","Phone Number":"210-860-9542","Address":"707 College Highway","City":"Southwick","State":"MA","Country":"USA","Average_Rating":4.3},"geometry":{"type":"Point","coordinates":[-72.768647,42.074454]}},{"type":"Feature","properties":{"Name":"Theodores' Booze Blues & Bbq","Phone Number":"413-736-6000","Address":"201 Worthington St","City":"Springfield","State":"MA","Country":"USA","Average_Rating":4.6},"geometry":{"type":"Point","coordinates":[-72.592153,42.104156]}},{"type":"Feature","properties":{"Name":"Morrell's BBQ","Phone Number":"781-344-4743","Address":"577 Washington Street; Suite 138","City":"Stoughton","State":"MA","Country":"USA","Average_Rating":""},"geometry":{"type":"Point","coordinates":[-71.102054,42.130302]}},{"type":"Feature","properties":{"Name":"B.T.'s Smokehouse","Phone Number":"508-347-3188","Address":"392 Main St","City":"Sturbridge","State":"MA","Country":"USA","Average_Rating":4.6},"geometry":{"type":"Point","coordinates":[-72.094434,42.111281]}},{"type":"Feature","properties":{"Name":"Bub's BBQ","Phone Number":"413-548-9630","Address":"676 Amherst Rd","City":"Sunderland","State":"MA","Country":"USA","Average_Rating":4.3},"geometry":{"type":"Point","coordinates":[-72.542031,42.430227]}},{"type":"Feature","properties":{"Name":"Kinfolks Award Winning BBQ (Food Truck)","Phone Number":"850-694-1074","Address":"5 Cape Rd","City":"Taunton","State":"MA","Country":"USA","Average_Rating":""},"geometry":{"type":"Point","coordinates":[-71.067584,41.905435]}},{"type":"Feature","properties":{"Name":"Goodstuff Foods","Phone Number":"","Address":"250 Providence St","City":"Uxbridge","State":"MA","Country":"USA","Average_Rating":4.6},"geometry":{"type":"Point","coordinates":[-71.603602,42.025578]}},{"type":"Feature","properties":{"Name":"The Mill at 185","Phone Number":"774-261-8585","Address":"185 W Boylston St","City":"W Boylston","State":"MA","Country":"USA","Average_Rating":4.4},"geometry":{"type":"Point","coordinates":[-71.784931,42.350456]}},{"type":"Feature","properties":{"Name":"Billy Goats BBQ & Grill","Phone Number":"508-619-3821","Address":"581 Main St","City":"W Dennis","State":"MA","Country":"USA","Average_Rating":3.9},"geometry":{"type":"Point","coordinates":[-70.161127,41.66637]}},{"type":"Feature","properties":{"Name":"Pitstop BBQ Wakefield","Phone Number":"781-621-8403","Address":"10 Vernon St","City":"Wakefield","State":"MA","Country":"USA","Average_Rating":4.5},"geometry":{"type":"Point","coordinates":[-71.067182,42.50331]}},{"type":"Feature","properties":{"Name":"The Porch Southern Fare","Phone Number":"781-245-4445","Address":"41 Tuttle St","City":"Wakefield","State":"MA","Country":"USA","Average_Rating":4.2},"geometry":{"type":"Point","coordinates":[-71.076266,42.50251]}},{"type":"Feature","properties":{"Name":"Bison Country","Phone Number":"781-642-9720","Address":"275 Moody St","City":"Waltham","State":"MA","Country":"USA","Average_Rating":4.3},"geometry":{"type":"Point","coordinates":[-71.236991,42.371484]}},{"type":"Feature","properties":{"Name":"Pig Park BBQ","Phone Number":"413-544-4712","Address":"94 East St","City":"Ware","State":"MA","Country":"USA","Average_Rating":4.6},"geometry":{"type":"Point","coordinates":[-72.226621,42.260499]}},{"type":"Feature","properties":{"Name":"Marconi Beach Restaurant","Phone Number":"508-349-6025","Address":"545 Route 6","City":"Wellfleet","State":"MA","Country":"USA","Average_Rating":4.4},"geometry":{"type":"Point","coordinates":[-69.987693,41.89218]}},{"type":"Feature","properties":{"Name":"Red-Eyed Pig","Phone Number":"617-325-1700","Address":"1753 Centre St","City":"West Roxbury","State":"MA","Country":"USA","Average_Rating":4.9},"geometry":{"type":"Point","coordinates":[-71.150498,42.287417]}},{"type":"Feature","properties":{"Name":"Hubba's Real Pit BBQ","Phone Number":"978-799-8346","Address":"129 Littleton Rd","City":"Westford","State":"MA","Country":"USA","Average_Rating":4.7},"geometry":{"type":"Point","coordinates":[-71.416337,42.569885]}},{"type":"Feature","properties":{"Name":"Precinct 10","Phone Number":"781-335-0010","Address":"110 Main St","City":"Weymouth","State":"MA","Country":"USA","Average_Rating":4.3},"geometry":{"type":"Point","coordinates":[-70.954605,42.203349]}},{"type":"Feature","properties":{"Name":"Local Burgy","Phone Number":"413-268-8300","Address":"93 Main St","City":"Williamsburg","State":"MA","Country":"USA","Average_Rating":4.6},"geometry":{"type":"Point","coordinates":[-72.711484,42.381698]}},{"type":"Feature","properties":{"Name":"Blackstrap BBQ","Phone Number":"617-207-1783","Address":"47A Woodside Ave","City":"Winthrop","State":"MA","Country":"USA","Average_Rating":5},"geometry":{"type":"Point","coordinates":[-70.986851,42.374679]}},{"type":"Feature","properties":{"Name":"West Side steak & BBQ","Phone Number":"5089-756-6328","Address":"2 Richmond Ave","City":"Worcester","State":"MA","Country":"USA","Average_Rating":4.7},"geometry":{"type":"Point","coordinates":[-71.830845,42.273428]}},{"type":"Feature","properties":{"Name":"Smokestack Urban Barbecue","Phone Number":"508-363-1111","Address":"139 Green St","City":"Worcester","State":"MA","Country":"USA","Average_Rating":4.4},"geometry":{"type":"Point","coordinates":[-71.798165,42.256492]}},{"type":"Feature","properties":{"Name":"Commonwealth BBQ","Phone Number":"508-384-9676","Address":"659 South St","City":"Wrentham","State":"MA","Country":"USA","Average_Rating":4.5},"geometry":{"type":"Point","coordinates":[-71.345578,42.050615]}},{"type":"Feature","properties":{"Name":"Lovey's BBQ & Smokehouse","Phone Number":"204-233-7427","Address":"Unit 1 - 208 Marion St","City":"Winnipeg","State":"MB","Country":"CAN","Average_Rating":4},"geometry":{"type":"Point","coordinates":[-97.119217,49.881489]}},{"type":"Feature","properties":{"Name":"Muddy Waters Smokehouse BBQ & Blues","Phone Number":"204-947-6653","Address":"15 Forks Market Rd","City":"Winnipeg","State":"MB","Country":"CAN","Average_Rating":""},"geometry":{"type":"Point","coordinates":[-97.128353,49.887231]}},{"type":"Feature","properties":{"Name":"Big Bad Wolf's House of Barbeque","Phone Number":"410-444-6422","Address":"5713 Harford Rd","City":"Baltimore","State":"MD","Country":"USA","Average_Rating":4.3},"geometry":{"type":"Point","coordinates":[-76.559346,39.354443]}},{"type":"Feature","properties":{"Name":"Ray Lewis' Full Moon Bar-B-Que","Phone Number":"410-327-5200","Address":"2400 Boston St","City":"Baltimore","State":"MD","Country":"USA","Average_Rating":4.6},"geometry":{"type":"Point","coordinates":[-76.582391,39.282012]}},{"type":"Feature","properties":{"Name":"Andy Nelson's Barbecue","Phone Number":"410-527-1226","Address":"11007 York Rd","City":"Cockeysville","State":"MD","Country":"USA","Average_Rating":4.5},"geometry":{"type":"Point","coordinates":[-76.646442,39.486815]}},{"type":"Feature","properties":{"Name":"Smokeys & Uncle Grubes","Phone Number":"410-799-0024","Address":"7300 Roosevelt Blvd","City":"Elkridge","State":"MD","Country":"USA","Average_Rating":4.2},"geometry":{"type":"Point","coordinates":[-76.764968,39.184743]}},{"type":"Feature","properties":{"Name":"The Canopy Carry Out Only","Phone Number":"443-288-1400","Address":"9319 Baltimore National Pike","City":"Ellicott City","State":"MD","Country":"USA","Average_Rating":4.3},"geometry":{"type":"Point","coordinates":[-76.83337,39.27745]}},{"type":"Feature","properties":{"Name":"Chubby's BBQ","Phone Number":"301-447-3322","Address":"16430 Old Frederick Rd","City":"Emmitsburg","State":"MD","Country":"USA","Average_Rating":4.1},"geometry":{"type":"Point","coordinates":[-77.325239,39.689769]}},{"type":"Feature","properties":{"Name":"Black Hog BBQ & Bar Closed Sunday","Phone Number":"301-660-9090","Address":"118 S Market St","City":"Frederick","State":"MD","Country":"USA","Average_Rating":4.6},"geometry":{"type":"Point","coordinates":[-77.411195,39.411121]}},{"type":"Feature","properties":{"Name":"Black Hog BBQ & Bar Closed Sunday","Phone Number":"301-662-9090","Address":"3335 Worthington Blvd","City":"Ijamsville","State":"MD","Country":"USA","Average_Rating":4.5},"geometry":{"type":"Point","coordinates":[-77.342763,39.32597]}},{"type":"Feature","properties":{"Name":"Kloby's Smokehouse","Phone Number":"301-362-1510","Address":"7500 Montpelier Rd","City":"Laurel","State":"MD","Country":"USA","Average_Rating":4.3},"geometry":{"type":"Point","coordinates":[-76.892875,39.160303]}},{"type":"Feature","properties":{"Name":"Carterque Award winning Black Rasberry Sauce","Phone Number":"301-829-2222","Address":"1310 S Main St","City":"Mt Airy","State":"MD","Country":"USA","Average_Rating":4.5},"geometry":{"type":"Point","coordinates":[-77.1650987,39.3670598]}},{"type":"Feature","properties":{"Name":"Mr. Chelsea's BBQ","Phone Number":"410-363-9873","Address":"10221 Reisterstown Rd","City":"Owings Mills","State":"MD","Country":"USA","Average_Rating":""},"geometry":{"type":"Point","coordinates":[-76.774858,39.415726]}},{"type":"Feature","properties":{"Name":"Branded 76 Was O'Brien's Pit Barbecue","Phone Number":"301-340-8596","Address":"387 E Gude Dr","City":"Rockville","State":"MD","Country":"USA","Average_Rating":4.6},"geometry":{"type":"Point","coordinates":[-77.148807,39.10637]}},{"type":"Feature","properties":{"Name":"Rocklands BBQ","Phone Number":"240-268-1120","Address":"891A Rockville Pike","City":"Rockville","State":"MD","Country":"USA","Average_Rating":3.9},"geometry":{"type":"Point","coordinates":[-77.136943,39.074334]}},{"type":"Feature","properties":{"Name":"Lefty's Bar-B-Que","Phone Number":"","Address":"2064 Crain Hwy","City":"Waldorf","State":"MD","Country":"USA","Average_Rating":4.1},"geometry":{"type":"Point","coordinates":[-76.8746,38.6578]}},{"type":"Feature","properties":{"Name":"Riverfront BBQ & Grille","Phone Number":"207-622-8899","Address":"300 Water St","City":"Augusta","State":"ME","Country":"USA","Average_Rating":4.3},"geometry":{"type":"Point","coordinates":[-69.77291,44.314643]}},{"type":"Feature","properties":{"Name":"Mainely Meat BBQ","Phone Number":"207-288-2337","Address":"15 Knox Rd","City":"Bar Harbor","State":"ME","Country":"USA","Average_Rating":4.7},"geometry":{"type":"Point","coordinates":[-68.3333,44.399624]}},{"type":"Feature","properties":{"Name":"Mainely Meat BBQ","Phone Number":"207-288-1100","Address":"369 State Highway 3","City":"Bar Harbor","State":"ME","Country":"USA","Average_Rating":4.7},"geometry":{"type":"Point","coordinates":[-68.267135,44.431007]}},{"type":"Feature","properties":{"Name":"Beale Street Barbeque","Phone Number":"207-442-9514","Address":"215 Water St","City":"Bath","State":"ME","Country":"USA","Average_Rating":4.4},"geometry":{"type":"Point","coordinates":[-69.813005,43.913607]}},{"type":"Feature","properties":{"Name":"Pete's Pig","Phone Number":"877-860-1503","Address":"81 Main St","City":"Belgrade Lakes","State":"ME","Country":"USA","Average_Rating":4.4},"geometry":{"type":"Point","coordinates":[-69.886376,44.526052]}},{"type":"Feature","properties":{"Name":"Smokin's Good BBQ Trailer at Good Food Store","Phone Number":"207-824-4744","Address":"212 Mayville Rd","City":"Bethel","State":"ME","Country":"USA","Average_Rating":4.3},"geometry":{"type":"Point","coordinates":[-70.797721,44.42493]}},{"type":"Feature","properties":{"Name":"The Rack","Phone Number":"207-237-2211","Address":"5016 Access Rd","City":"Carrabassett Velley","State":"ME","Country":"USA","Average_Rating":4.4},"geometry":{"type":"Point","coordinates":[-70.318717,45.076174]}},{"type":"Feature","properties":{"Name":"The Village Grill Co","Phone Number":"207-563-2278","Address":"28 Biscay Road","City":"Damariscotta","State":"ME","Country":"USA","Average_Rating":4.3},"geometry":{"type":"Point","coordinates":[-69.510304,44.036988]}},{"type":"Feature","properties":{"Name":"Mainely Meat","Phone Number":"207-664-5239","Address":"193 Main St","City":"Ellsworth","State":"ME","Country":"USA","Average_Rating":4.7},"geometry":{"type":"Point","coordinates":[-68.422029,44.541882]}},{"type":"Feature","properties":{"Name":"Grantlee's Tavern & Grill (Seasonal)","Phone Number":"207-778-0880","Address":"476 Fairbanks Rd","City":"Farmington","State":"ME","Country":"USA","Average_Rating":4.3},"geometry":{"type":"Point","coordinates":[-70.160783,44.697952]}},{"type":"Feature","properties":{"Name":"Buck's Naked BBQ Steakhouse","Phone Number":"207-865-0600","Address":"568 Route 1","City":"Freeport","State":"ME","Country":"USA","Average_Rating":4.5},"geometry":{"type":"Point","coordinates":[-70.12005,43.841798]}},{"type":"Feature","properties":{"Name":"302 West Smokehouse & Tavern","Phone Number":"207-935-3021","Address":"636 Main St","City":"Fryeburg","State":"ME","Country":"USA","Average_Rating":4.6},"geometry":{"type":"Point","coordinates":[-70.980457,44.017507]}},{"type":"Feature","properties":{"Name":"Smokin' Blues Grill","Phone Number":"207-298-9436","Address":"415 Hollis Rd","City":"Hollis","State":"ME","Country":"USA","Average_Rating":3.8},"geometry":{"type":"Point","coordinates":[-70.593149,43.601759]}},{"type":"Feature","properties":{"Name":"BBQ Barn","Phone Number":"207-730-8720","Address":"181 State Rd","City":"Kittery","State":"ME","Country":"USA","Average_Rating":3.9},"geometry":{"type":"Point","coordinates":[-70.744451,43.101364]}},{"type":"Feature","properties":{"Name":"The Farm Bar & Grill","Phone Number":"207-475-0000","Address":"57 State Street","City":"Kittery","State":"ME","Country":"USA","Average_Rating":4.4},"geometry":{"type":"Point","coordinates":[-70.749218,43.090661]}},{"type":"Feature","properties":{"Name":"Ore Nell's BBQ","Phone Number":"207-703-2340","Address":"2 Badgers Island West","City":"Kittery","State":"ME","Country":"USA","Average_Rating":4.5},"geometry":{"type":"Point","coordinates":[-70.751833,43.082445]}},{"type":"Feature","properties":{"Name":"The BBQ Pit","Phone Number":"207-241-2644","Address":"838 Lisbon Street","City":"Lewiston","State":"ME","Country":"USA","Average_Rating":4.2},"geometry":{"type":"Point","coordinates":[-70.203838,44.085458]}},{"type":"Feature","properties":{"Name":"Spring Creek Bar-B-Q","Phone Number":"207-997-7025","Address":"26 Greenville Rd","City":"Monson","State":"ME","Country":"USA","Average_Rating":4.6},"geometry":{"type":"Point","coordinates":[-69.568612,45.341397]}},{"type":"Feature","properties":{"Name":"Smokey B's Gin Mill","Phone Number":"207-360-0554","Address":"422 Main Street","City":"Ogunquit","State":"ME","Country":"USA","Average_Rating":4.8},"geometry":{"type":"Point","coordinates":[-70.59921,43.255917]}},{"type":"Feature","properties":{"Name":"Salvage BBQ","Phone Number":"207-553-2100","Address":"919 Congress St","City":"Portland","State":"ME","Country":"USA","Average_Rating":4.4},"geometry":{"type":"Point","coordinates":[-70.277995,43.654152]}},{"type":"Feature","properties":{"Name":"Terlingua","Phone Number":"207-808-8502","Address":"52 Washington Ave","City":"Portland","State":"ME","Country":"USA","Average_Rating":4.6},"geometry":{"type":"Point","coordinates":[-70.252124,43.664968]}},{"type":"Feature","properties":{"Name":"Noble Meats","Phone Number":"207-536-1395","Address":"1706 Forest Avenue","City":"Portland","State":"ME","Country":"USA","Average_Rating":4.7},"geometry":{"type":"Point","coordinates":[-70.312012,43.698671]}},{"type":"Feature","properties":{"Name":"The Shed BBQ","Phone Number":"207-864-2219","Address":"2647 Main St","City":"Rangeley","State":"ME","Country":"USA","Average_Rating":4.1},"geometry":{"type":"Point","coordinates":[-70.64949,44.966794]}},{"type":"Feature","properties":{"Name":"45th Parallel American BBQ","Phone Number":"207-864-3001","Address":"2303 Main St","City":"Rangeley","State":"ME","Country":"USA","Average_Rating":4},"geometry":{"type":"Point","coordinates":[-70.638522,44.959488]}},{"type":"Feature","properties":{"Name":"Elsmere BBQ and Wood Grill","Phone Number":"207-619-1948","Address":"448 Cottage St","City":"S Portland","State":"ME","Country":"USA","Average_Rating":4.5},"geometry":{"type":"Point","coordinates":[-70.232534,43.63516]}},{"type":"Feature","properties":{"Name":"Delta Blues BBQ","Phone Number":"","Address":"870 Portland Road","City":"Saco","State":"ME","Country":"USA","Average_Rating":5},"geometry":{"type":"Point","coordinates":[-70.419125,43.539478]}},{"type":"Feature","properties":{"Name":"Shaw's Ridge Farm BBQ Barn (Seasonal)","Phone Number":"207-324-2533","Address":"59 Shaw's Ridge Rd","City":"Sanford","State":"ME","Country":"USA","Average_Rating":4.5},"geometry":{"type":"Point","coordinates":[-70.766855,43.460717]}},{"type":"Feature","properties":{"Name":"Sea Smoke BBQ","Phone Number":"207-730-5644","Address":"183 US Route 1","City":"Scarborough","State":"ME","Country":"USA","Average_Rating":5},"geometry":{"type":"Point","coordinates":[-70.327664,43.595073]}},{"type":"Feature","properties":{"Name":"Lobster Pound & Real Pit BBQ","Phone Number":"207-667-6320","Address":"324 Bar Harbor Rd","City":"Trenton","State":"ME","Country":"USA","Average_Rating":4.4},"geometry":{"type":"Point","coordinates":[-68.37366,44.491304]}},{"type":"Feature","properties":{"Name":"Buck's Naked BBQ Steakhouse","Phone Number":"207-893-0600","Address":"4 Turning Leaf Dr","City":"Windham","State":"ME","Country":"USA","Average_Rating":4.2},"geometry":{"type":"Point","coordinates":[-70.43439,43.82796]}},{"type":"Feature","properties":{"Name":"Binga's Windham","Phone Number":"207-892-2337","Address":"106 Main Street","City":"Windham","State":"ME","Country":"USA","Average_Rating":4.4},"geometry":{"type":"Point","coordinates":[-70.425367,43.745646]}},{"type":"Feature","properties":{"Name":"Binga's Wingas","Phone Number":"207-846-8736","Address":"907 US Route 1","City":"Yarmouth","State":"ME","Country":"USA","Average_Rating":4.5},"geometry":{"type":"Point","coordinates":[-70.171817,43.805602]}},{"type":"Feature","properties":{"Name":"Gaskins Lobster & Barbecue Shack","Phone Number":"207-361-4109","Address":"15 Railroad Avenue","City":"York","State":"ME","Country":"USA","Average_Rating":4.4},"geometry":{"type":"Point","coordinates":[-70.61152,43.175157]}},{"type":"Feature","properties":{"Name":"Randy's Original Roadside BBQ - Adrian Sit down restaurant","Phone Number":"517-265-3484","Address":"3136 N. Adrian Hwy","City":"Adrian","State":"MI","Country":"USA","Average_Rating":4.6},"geometry":{"type":"Point","coordinates":[-84.008317,41.92935]}},{"type":"Feature","properties":{"Name":"Charlie's Piggin' N' Grinnin'?","Phone Number":"269-934-7675","Address":"136 Territorial Rd","City":"Benton Harbor","State":"MI","Country":"USA","Average_Rating":""},"geometry":{"type":"Point","coordinates":[-86.454902,42.117043]}},{"type":"Feature","properties":{"Name":"Lark & Sons Bar-B-Que and Car Wash","Phone Number":"269-926-9833","Address":"440 W Main St","City":"Benton Harbor","State":"MI","Country":"USA","Average_Rating":4.7},"geometry":{"type":"Point","coordinates":[-86.463945,42.113955]}},{"type":"Feature","properties":{"Name":"Slows BBQ","Phone Number":"313-962-9828","Address":"2138 Michigan Ave","City":"Detroit","State":"MI","Country":"USA","Average_Rating":4.4},"geometry":{"type":"Point","coordinates":[-83.076321,42.331637]}},{"type":"Feature","properties":{"Name":"Milt's Gourmet Barbecue","Phone Number":"313-521-5959","Address":"19143 Kelly Rd","City":"Detroit","State":"MI","Country":"USA","Average_Rating":4.3},"geometry":{"type":"Point","coordinates":[-82.952539,42.435615]}},{"type":"Feature","properties":{"Name":"Vicki's Barbecue & Shrimp Some good Q in the Motor City","Phone Number":"313-894-9906","Address":"3845 W Warren Ave","City":"Detroit","State":"MI","Country":"USA","Average_Rating":3.9},"geometry":{"type":"Point","coordinates":[-83.104986,42.344768]}},{"type":"Feature","properties":{"Name":"Uptown Barbeque Uptown is good BBQ. Lots of sides too. Carryout only.","Phone Number":"313-861-7590","Address":"15700 Livernois Ave","City":"Detroit","State":"MI","Country":"USA","Average_Rating":3.8},"geometry":{"type":"Point","coordinates":[-83.14037,42.4065]}},{"type":"Feature","properties":{"Name":"Ginopolis","Phone Number":"248-851-8222","Address":"27815 Middlebelt Rd","City":"Farmington Hills","State":"MI","Country":"USA","Average_Rating":4.1},"geometry":{"type":"Point","coordinates":[-83.339152,42.499825]}},{"type":"Feature","properties":{"Name":"Bone Yard Barbeque Farmington Hills","Phone Number":"248-851-7000","Address":"31006 Orchard Lake Rd","City":"Farmington Hills","State":"MI","Country":"USA","Average_Rating":3.8},"geometry":{"type":"Point","coordinates":[-83.36001,42.5258]}},{"type":"Feature","properties":{"Name":"Beale St. Smokehouse BBQ","Phone Number":"810-750-0507","Address":"2461 North Rd","City":"Fenton","State":"MI","Country":"USA","Average_Rating":4.4},"geometry":{"type":"Point","coordinates":[-83.72478,42.804279]}},{"type":"Feature","properties":{"Name":"Bone Yard Barbeque Livonia","Phone Number":"734-427-6500","Address":"30843 Plymouth Rd","City":"Livonia","State":"MI","Country":"USA","Average_Rating":4.2},"geometry":{"type":"Point","coordinates":[-83.34834,42.36877]}},{"type":"Feature","properties":{"Name":"Kit Kat Klub 24 hour notice for Ribs","Phone Number":"586-781-3171","Address":"55140 Romeo Plank Rd","City":"Macomb","State":"MI","Country":"USA","Average_Rating":4.4},"geometry":{"type":"Point","coordinates":[-82.958898,42.701857]}},{"type":"Feature","properties":{"Name":"Randy's Original Roadside BBQ - Onstead Outdoor tables","Phone Number":"517-265-3484","Address":"7005 US-12","City":"Onsted","State":"MI","Country":"USA","Average_Rating":""},"geometry":{"type":"Point","coordinates":[-84.129483,42.05935]}},{"type":"Feature","properties":{"Name":"Lazybones Smokehouse.","Phone Number":"","Address":"27475 Groesbeck Hwy","City":"Roseville","State":"MI","Country":"USA","Average_Rating":4.4},"geometry":{"type":"Point","coordinates":[-82.96722,42.49704]}},{"type":"Feature","properties":{"Name":"Doby's Smoke House","Phone Number":"517-423-7777","Address":"115 W. Chicago Blvd (M-50)","City":"Tecumseh","State":"MI","Country":"USA","Average_Rating":3.1},"geometry":{"type":"Point","coordinates":[-83.945467,42.004083]}},{"type":"Feature","properties":{"Name":"Market Bar-B-Que - Minneapolis","Phone Number":"612-872-1111","Address":"1414 Nicollet Ave S","City":"Minneapolis","State":"MN","Country":"USA","Average_Rating":""},"geometry":{"type":"Point","coordinates":[-93.2778,44.968062]}},{"type":"Feature","properties":{"Name":"John Hardy's South","Phone Number":"507-281-1727","Address":"1940 Broadway S","City":"Rochester","State":"MN","Country":"USA","Average_Rating":4.4},"geometry":{"type":"Point","coordinates":[-92.462676,43.993339]}},{"type":"Feature","properties":{"Name":"Roscoe's Root Beer and Ribs Seasonal Outdoor facility","Phone Number":"507-285-0501","Address":"603 4th Street SE","City":"Rochester","State":"MN","Country":"USA","Average_Rating":4.3},"geometry":{"type":"Point","coordinates":[-92.455026,44.01933]}},{"type":"Feature","properties":{"Name":"Roscoe's Express","Phone Number":"507-281-4622","Address":"3456 E Circle Dr NE","City":"Rochester","State":"MN","Country":"USA","Average_Rating":4.7},"geometry":{"type":"Point","coordinates":[-92.452269,44.058679]}},{"type":"Feature","properties":{"Name":"John Hardy's Origninal Location","Phone Number":"507-288-3936","Address":"929 West Frontage Road NW","City":"Rochester","State":"MN","Country":"USA","Average_Rating":4.4},"geometry":{"type":"Point","coordinates":[-92.488832,44.033987]}},{"type":"Feature","properties":{"Name":"John Hardy's Cedarwood Plaza","Phone Number":"504-424-3100","Address":"4180 18th Avenue NW","City":"Rochester","State":"MN","Country":"USA","Average_Rating":4.4},"geometry":{"type":"Point","coordinates":[-92.488918,44.066489]}},{"type":"Feature","properties":{"Name":"Market Bar-B-Que - Wayzata","Phone Number":"952-475-1770","Address":"15320 Wayzata Blvd","City":"Waynata","State":"MN","Country":"USA","Average_Rating":""},"geometry":{"type":"Point","coordinates":[-93.473353,44.971508]}},{"type":"Feature","properties":{"Name":"Danna's Barbeque & Burgers Great Pulled Pork & Ribs. Bourbon Pecan Pie (Best Pecan Pie I ever had. Served warm with ice cream. I swear; I would not have been legal to drive after a second piece.","Phone Number":"417-337-5527","Address":"963 St. Hwy 165","City":"Branson","State":"MO","Country":"USA","Average_Rating":""},"geometry":{"type":"Point","coordinates":[-93.283232,36.618729]}},{"type":"Feature","properties":{"Name":"Flat Creek Restaurant","Phone Number":"417-538-4802","Address":"7847 MO-173","City":"Cape Fair","State":"MO","Country":"USA","Average_Rating":4.7},"geometry":{"type":"Point","coordinates":[-93.5163,36.5319]}},{"type":"Feature","properties":{"Name":"Super Smokers BBQ","Phone Number":"636-938-9742","Address":"601 Stockell Dr","City":"Eureka","State":"MO","Country":"USA","Average_Rating":""},"geometry":{"type":"Point","coordinates":[-90.626656,38.507716]}},{"type":"Feature","properties":{"Name":"Branding Iron BBQ","Phone Number":"573-243-0007","Address":"1903 E. Jackson Blvd","City":"Jackson","State":"MO","Country":"USA","Average_Rating":""},"geometry":{"type":"Point","coordinates":[-89.646867,37.3708]}},{"type":"Feature","properties":{"Name":"Arthur Bryant's BBQ - Ameristar","Phone Number":"816-414-7474","Address":"3200 N. Ameristar Dr","City":"Kansas City","State":"MO","Country":"USA","Average_Rating":4.3},"geometry":{"type":"Point","coordinates":[-94.477208,39.152164]}},{"type":"Feature","properties":{"Name":"L.C.'s Bar-B-Q","Phone Number":"816-923-4484","Address":"5800 Blue Pkwy","City":"Kansas City","State":"MO","Country":"USA","Average_Rating":4.2},"geometry":{"type":"Point","coordinates":[-94.517916,39.034788]}},{"type":"Feature","properties":{"Name":"Gates BBQ - Brooklyn","Phone Number":"816-483-3880","Address":"1221 Brooklyn","City":"Kansas City","State":"MO","Country":"USA","Average_Rating":4.1},"geometry":{"type":"Point","coordinates":[-94.55606,39.09875]}},{"type":"Feature","properties":{"Name":"Arthur Bryant's Barbeque","Phone Number":"816-231-1123","Address":"1727 Brooklyn Ave","City":"Kansas City","State":"MO","Country":"USA","Average_Rating":4.3},"geometry":{"type":"Point","coordinates":[-94.556218,39.091494]}},{"type":"Feature","properties":{"Name":"Smokin Guns BBQ & Catering","Phone Number":"816-221-2535","Address":"1218 Swift Ave","City":"Kansas City","State":"MO","Country":"USA","Average_Rating":4.2},"geometry":{"type":"Point","coordinates":[-94.577425,39.130882]}},{"type":"Feature","properties":{"Name":"Gates BBQ - Paseo St","Phone Number":"816-923-0900","Address":"4621 Paseo St","City":"Kansas City","State":"MO","Country":"USA","Average_Rating":4.1},"geometry":{"type":"Point","coordinates":[-94.56809,39.04266]}},{"type":"Feature","properties":{"Name":"Fiorella?s Jack Stack BBQ ? Freight House","Phone Number":"816-472-7427","Address":"101 W 22nd St","City":"Kansas City","State":"MO","Country":"USA","Average_Rating":4.6},"geometry":{"type":"Point","coordinates":[-94.58492,39.08785]}},{"type":"Feature","properties":{"Name":"Fiorella?s Jack Stack BBQ ? Plaza","Phone Number":"816-531-7427","Address":"4747 Wyandotte St","City":"Kansas City","State":"MO","Country":"USA","Average_Rating":4.5},"geometry":{"type":"Point","coordinates":[-94.58894,39.04133]}},{"type":"Feature","properties":{"Name":"BB?s Lawnside BBQ","Phone Number":"816-822-7427","Address":"1205 E 85th St","City":"Kansas City","State":"MO","Country":"USA","Average_Rating":4.5},"geometry":{"type":"Point","coordinates":[-94.57516,38.97336]}},{"type":"Feature","properties":{"Name":"Smokehouse Barbeque","Phone Number":"816-587-3337","Address":"8451 NW Prarie View Rd","City":"Kansas City","State":"MO","Country":"USA","Average_Rating":4.2},"geometry":{"type":"Point","coordinates":[-94.66146,39.25046]}},{"type":"Feature","properties":{"Name":"Fiorella's Jack Stack BBQ","Phone Number":"816-942-9141","Address":"13441 Holmes Rd","City":"Kansas City","State":"MO","Country":"USA","Average_Rating":4.7},"geometry":{"type":"Point","coordinates":[-94.586138,38.882636]}},{"type":"Feature","properties":{"Name":"LC's Bar-B-Q","Phone Number":"816-923-4484","Address":"5800 Blue Pkwy","City":"Kansas City","State":"MO","Country":"USA","Average_Rating":4.2},"geometry":{"type":"Point","coordinates":[-94.517488,39.034818]}},{"type":"Feature","properties":{"Name":"Jay's BBQ","Phone Number":"573-238-1199","Address":"105 Conrad St","City":"Marble Hill","State":"MO","Country":"USA","Average_Rating":4.6},"geometry":{"type":"Point","coordinates":[-89.9781,37.3034]}},{"type":"Feature","properties":{"Name":"Flat Creek Restaurant","Phone Number":"417-732-5441","Address":"772 East US-60","City":"Republic","State":"MO","Country":"USA","Average_Rating":4.5},"geometry":{"type":"Point","coordinates":[-93.46767,37.12151]}},{"type":"Feature","properties":{"Name":"Hendrick's","Phone Number":"636-724-8600","Address":"1200 S Main St","City":"St Charles","State":"MO","Country":"USA","Average_Rating":4},"geometry":{"type":"Point","coordinates":[-90.48667,38.77146]}},{"type":"Feature","properties":{"Name":"Pappy's Smoke House","Phone Number":"314-535-4340","Address":"3106 Olive St","City":"St Louis","State":"MO","Country":"USA","Average_Rating":4.7},"geometry":{"type":"Point","coordinates":[-90.224019,38.635169]}},{"type":"Feature","properties":{"Name":"Abe's BBQ","Phone Number":"662-624-9947","Address":"616 State St","City":"Clarksdale","State":"MS","Country":"USA","Average_Rating":4.3},"geometry":{"type":"Point","coordinates":[-90.56356,34.19508]}},{"type":"Feature","properties":{"Name":"Montana's","Phone Number":"228-864-1113","Address":"15151 Airport Rd","City":"Gulfport","State":"MS","Country":"USA","Average_Rating":""},"geometry":{"type":"Point","coordinates":[-89.091651,30.419976]}},{"type":"Feature","properties":{"Name":"Leatha's Bar-B-Que Inn","Phone Number":"601-271-6003","Address":"6374 US Highway 98","City":"Hattiesburg","State":"MS","Country":"USA","Average_Rating":4.5},"geometry":{"type":"Point","coordinates":[-89.40474,31.31787]}},{"type":"Feature","properties":{"Name":"Pig & Pint","Phone Number":"601-326-6070","Address":"3139 North State Street","City":"Jackson","State":"MS","Country":"USA","Average_Rating":4.6},"geometry":{"type":"Point","coordinates":[-90.176314,32.337244]}},{"type":"Feature","properties":{"Name":"Interstate Barbecue - Southaven","Phone Number":"662-393-5699","Address":"150 W Stateline Rd","City":"Southaven","State":"MS","Country":"USA","Average_Rating":4},"geometry":{"type":"Point","coordinates":[-89.992894,34.991833]}},{"type":"Feature","properties":{"Name":"Big Mouth BBQ","Phone Number":"406-727-7095","Address":"1720 10 Avenue S","City":"Great Falls","State":"MT","Country":"USA","Average_Rating":4.5},"geometry":{"type":"Point","coordinates":[-111.276893,47.493852]}},{"type":"Feature","properties":{"Name":"Blue Mist BBQ","Phone Number":"","Address":"3409 Highway 64 E","City":"Asheboro","State":"NC","Country":"USA","Average_Rating":4.5},"geometry":{"type":"Point","coordinates":[-79.74371,35.72495]}},{"type":"Feature","properties":{"Name":"Pete Jones Skylight Inn","Phone Number":"","Address":"1501 Lee St","City":"Ayden","State":"NC","Country":"USA","Average_Rating":4.7},"geometry":{"type":"Point","coordinates":[-77.41708,35.480642]}},{"type":"Feature","properties":{"Name":"Currituck BBQ Co.","Phone Number":"252-453-6618","Address":"4467 Caratoke Hwy","City":"Barco","State":"NC","Country":"USA","Average_Rating":4.6},"geometry":{"type":"Point","coordinates":[-75.96077,36.35667]}},{"type":"Feature","properties":{"Name":"Hursey's BBQ","Phone Number":"","Address":"1834 S. Church St. (US 70)","City":"Burlington","State":"NC","Country":"USA","Average_Rating":4.3},"geometry":{"type":"Point","coordinates":[-79.462498,36.082312]}},{"type":"Feature","properties":{"Name":"Allen & Son BBQ","Phone Number":"","Address":"6203 Millhouse Rd","City":"Chapel Hill","State":"NC","Country":"USA","Average_Rating":4.6},"geometry":{"type":"Point","coordinates":[-79.074275,35.988778]}},{"type":"Feature","properties":{"Name":"Macs SpeedShop Bikes & BBQ - Southend","Phone Number":"","Address":"2511 South Blvd","City":"Charlotte","State":"NC","Country":"USA","Average_Rating":4.5},"geometry":{"type":"Point","coordinates":[-80.864358,35.202942]}},{"type":"Feature","properties":{"Name":"Macs SpeedShop Bikes & BBQ - Steele Creek","Phone Number":"","Address":"2414 Sandy Porter Rd","City":"Charlotte","State":"NC","Country":"USA","Average_Rating":4.4},"geometry":{"type":"Point","coordinates":[-80.940257,35.136079]}},{"type":"Feature","properties":{"Name":"Macs SpeedShop Bikes & BBQ - Lake Norman","Phone Number":"","Address":"19601 Liverpool Pkwy","City":"Cornelius","State":"NC","Country":"USA","Average_Rating":4.4},"geometry":{"type":"Point","coordinates":[-80.878463,35.480848]}},{"type":"Feature","properties":{"Name":"Grady?s Barbecue","Phone Number":"","Address":"3096 Arrington Bridge Rd","City":"Dudley","State":"NC","Country":"USA","Average_Rating":4.7},"geometry":{"type":"Point","coordinates":[-77.95947,35.265848]}},{"type":"Feature","properties":{"Name":"Wilber's Barbecue","Phone Number":"919-778-5218","Address":"4172 U.S. Highway 70 E","City":"Goldsboro","State":"NC","Country":"USA","Average_Rating":4.3},"geometry":{"type":"Point","coordinates":[-78.115738,35.447928]}},{"type":"Feature","properties":{"Name":"M&K BBQ","Phone Number":"","Address":"215 N Salisbury Ave","City":"Granite Quarry","State":"NC","Country":"USA","Average_Rating":4.3},"geometry":{"type":"Point","coordinates":[-80.447662,35.614951]}},{"type":"Feature","properties":{"Name":"B's Barbeque","Phone Number":"","Address":"751 B's Barbeque Rd","City":"Greenville","State":"NC","Country":"USA","Average_Rating":4.7},"geometry":{"type":"Point","coordinates":[-77.418079,35.62125]}},{"type":"Feature","properties":{"Name":"Parker's Barbecue 2","Phone Number":"","Address":"3109 S Memorial Dr","City":"Greenville","State":"NC","Country":"USA","Average_Rating":4.4},"geometry":{"type":"Point","coordinates":[-77.397883,35.57675]}},{"type":"Feature","properties":{"Name":"Parker's Barbecue","Phone Number":"","Address":"2020 Greenville Blvd SE","City":"Greenville","State":"NC","Country":"USA","Average_Rating":4.2},"geometry":{"type":"Point","coordinates":[-77.336543,35.598067]}},{"type":"Feature","properties":{"Name":"Stamey's BBQ","Phone Number":"","Address":"2206 High Point Rd","City":"Greesnboro","State":"NC","Country":"USA","Average_Rating":4.4},"geometry":{"type":"Point","coordinates":[-79.828559,36.058954]}},{"type":"Feature","properties":{"Name":"EB's BBQ","Phone Number":"","Address":"633 Indian Trail Rd S","City":"Indian Trail","State":"NC","Country":"USA","Average_Rating":4.6},"geometry":{"type":"Point","coordinates":[-80.677378,35.068619]}},{"type":"Feature","properties":{"Name":"Speedy Lohr?s","Phone Number":"","Address":"8000 N Enterprise Rd","City":"Lexington","State":"NC","Country":"USA","Average_Rating":""},"geometry":{"type":"Point","coordinates":[-80.30869,35.947129]}},{"type":"Feature","properties":{"Name":"Speedy's Barbecue","Phone Number":"336-248-2092","Address":"1317 Winston Rd","City":"Lexington","State":"NC","Country":"USA","Average_Rating":4.5},"geometry":{"type":"Point","coordinates":[-80.25394,35.843639]}},{"type":"Feature","properties":{"Name":"Smiley's BBQ","Phone Number":"","Address":"917 Winston Rd","City":"Lexington","State":"NC","Country":"USA","Average_Rating":4.4},"geometry":{"type":"Point","coordinates":[-80.253701,35.837827]}},{"type":"Feature","properties":{"Name":"Lexington BBQ","Phone Number":"336-249-9814","Address":"100 Smokehouse Ln","City":"Lexington","State":"NC","Country":"USA","Average_Rating":4.5},"geometry":{"type":"Point","coordinates":[-80.26732,35.83397]}},{"type":"Feature","properties":{"Name":"BBQ Center","Phone Number":"","Address":"900 N Main St","City":"Lexington","State":"NC","Country":"USA","Average_Rating":4.5},"geometry":{"type":"Point","coordinates":[-80.245788,35.830089]}},{"type":"Feature","properties":{"Name":"John Waynes BBQ","Phone Number":"","Address":"601 W 5th Ave","City":"Lexington","State":"NC","Country":"USA","Average_Rating":4.9},"geometry":{"type":"Point","coordinates":[-80.266078,35.823697]}},{"type":"Feature","properties":{"Name":"Henry James BBQ","Phone Number":"","Address":"283 Talbert Blvd","City":"Lexington","State":"NC","Country":"USA","Average_Rating":2.5},"geometry":{"type":"Point","coordinates":[-80.251394,35.814815]}},{"type":"Feature","properties":{"Name":"Smokey Joe's","Phone Number":"","Address":"1101 S Main St","City":"Lexington","State":"NC","Country":"USA","Average_Rating":4.3},"geometry":{"type":"Point","coordinates":[-80.264816,35.813903]}},{"type":"Feature","properties":{"Name":"Lexington Style Trimmings","Phone Number":"","Address":"1515 E Center St Ext","City":"Lexington","State":"NC","Country":"USA","Average_Rating":4.5},"geometry":{"type":"Point","coordinates":[-80.230169,35.803464]}},{"type":"Feature","properties":{"Name":"Jimmy's Barbecue","Phone Number":"336-357-2311","Address":"1703 Cotton Grove Rd","City":"Lexington","State":"NC","Country":"USA","Average_Rating":3.6},"geometry":{"type":"Point","coordinates":[-80.259779,35.777534]}},{"type":"Feature","properties":{"Name":"Cook's BBQ","Phone Number":"","Address":"366 Valiant Dr","City":"Lexington","State":"NC","Country":"USA","Average_Rating":4.3},"geometry":{"type":"Point","coordinates":[-80.275055,35.709066]}},{"type":"Feature","properties":{"Name":"Tar Heel Q","Phone Number":"336-787-4550","Address":"6835 W Old Hwy 64","City":"Lexington","State":"NC","Country":"USA","Average_Rating":4.4},"geometry":{"type":"Point","coordinates":[-80.225585,35.512691]}},{"type":"Feature","properties":{"Name":"Fuzzy?s","Phone Number":"","Address":"111 W Murphy St","City":"Madison","State":"NC","Country":"USA","Average_Rating":3.9},"geometry":{"type":"Point","coordinates":[-79.959942,36.387649]}},{"type":"Feature","properties":{"Name":"A&M Grill","Phone Number":"","Address":"401 E Center St","City":"Mebane","State":"NC","Country":"USA","Average_Rating":4.3},"geometry":{"type":"Point","coordinates":[-79.260062,36.09437]}},{"type":"Feature","properties":{"Name":"Deano?s BBQ","Phone Number":"","Address":"140 N. Clement St","City":"Mocksville","State":"NC","Country":"USA","Average_Rating":4.5},"geometry":{"type":"Point","coordinates":[-80.562863,35.894684]}},{"type":"Feature","properties":{"Name":"C's BBQ","Phone Number":"336-492-2220","Address":"2203 US 601 Nth","City":"Mocksville","State":"NC","Country":"USA","Average_Rating":4.3},"geometry":{"type":"Point","coordinates":[-80.360871,35.563054]}},{"type":"Feature","properties":{"Name":"Big Bob Gibson's","Phone Number":"704-289-5102","Address":"1507 W Roosevelt Blvd","City":"Monroe","State":"NC","Country":"USA","Average_Rating":4.5},"geometry":{"type":"Point","coordinates":[-80.54581,34.99687]}},{"type":"Feature","properties":{"Name":"Herb?s Pit BBQ","Phone Number":"","Address":"15735 W US 64","City":"Murphy","State":"NC","Country":"USA","Average_Rating":4.3},"geometry":{"type":"Point","coordinates":[-84.25336,35.019243]}},{"type":"Feature","properties":{"Name":"Doug Saul's BBQ & Seafood","Phone Number":"252-459-4247","Address":"813 Western Ave","City":"Nashville","State":"NC","Country":"USA","Average_Rating":4.4},"geometry":{"type":"Point","coordinates":[-77.981451,35.970574]}},{"type":"Feature","properties":{"Name":"Moore?s Olde Tyme Barbeque","Phone Number":"252-638-3937","Address":"3711 Dr M L King Jr Blvd","City":"New Bern","State":"NC","Country":"USA","Average_Rating":4.3},"geometry":{"type":"Point","coordinates":[-77.1066,35.0957]}},{"type":"Feature","properties":{"Name":"Olde Tyme BBQ","Phone Number":"919-859-2544","Address":"6309 Hillsborough St","City":"Raleigh","State":"NC","Country":"USA","Average_Rating":4.6},"geometry":{"type":"Point","coordinates":[-78.738863,35.787985]}},{"type":"Feature","properties":{"Name":"The Pit Authentic BBQ","Phone Number":"919-890-4500","Address":"328 W Davie St","City":"Raleigh","State":"NC","Country":"USA","Average_Rating":4.3},"geometry":{"type":"Point","coordinates":[-78.644762,35.775855]}},{"type":"Feature","properties":{"Name":"Clyde Cooper's Barbecue","Phone Number":"919-832-7614","Address":"327 S Wilmington St","City":"Raleigh","State":"NC","Country":"USA","Average_Rating":4.3},"geometry":{"type":"Point","coordinates":[-78.638197,35.776279]}},{"type":"Feature","properties":{"Name":"Short Sugars Dri","Phone Number":"","Address":"Short Sugars Dr","City":"Reidsville","State":"NC","Country":"USA","Average_Rating":4.2},"geometry":{"type":"Point","coordinates":[-79.664397,36.344361]}},{"type":"Feature","properties":{"Name":"Richard?s Bar-B-Q","Phone Number":"","Address":"522 N Main St","City":"Salisbury","State":"NC","Country":"USA","Average_Rating":4.4},"geometry":{"type":"Point","coordinates":[-80.465286,35.671135]}},{"type":"Feature","properties":{"Name":"Winks Bar-B-Que","Phone Number":"","Address":"509 Faith Rd","City":"Salisbury","State":"NC","Country":"USA","Average_Rating":4.4},"geometry":{"type":"Point","coordinates":[-80.458428,35.648483]}},{"type":"Feature","properties":{"Name":"Green River Barbeque","Phone Number":"828-749-9892","Address":"131 Main St","City":"Saluda","State":"NC","Country":"USA","Average_Rating":4.4},"geometry":{"type":"Point","coordinates":[-82.348843,35.23637]}},{"type":"Feature","properties":{"Name":"Bridges BBQ Lodge","Phone Number":"","Address":"2000 E Dixon Blvd","City":"Shelby","State":"NC","Country":"USA","Average_Rating":4.5},"geometry":{"type":"Point","coordinates":[-81.480094,35.265692]}},{"type":"Feature","properties":{"Name":"Carolina Bar-B-Q","Phone Number":"","Address":"213 Salisbury Rd","City":"Statesville","State":"NC","Country":"USA","Average_Rating":4.1},"geometry":{"type":"Point","coordinates":[-80.879837,35.785096]}},{"type":"Feature","properties":{"Name":"Kerley's Barbecue","Phone Number":"336-731-8245","Address":"Old US 52","City":"Welcome","State":"NC","Country":"USA","Average_Rating":4.3},"geometry":{"type":"Point","coordinates":[-80.254365,35.894934]}},{"type":"Feature","properties":{"Name":"Ralph's Barbeque","Phone Number":"252-536-2102","Address":"1400 Julian R. Allsbrook Hwy","City":"Weldon","State":"NC","Country":"USA","Average_Rating":4.2},"geometry":{"type":"Point","coordinates":[-77.62303,36.43084]}},{"type":"Feature","properties":{"Name":"Stephenson?s BBQ","Phone Number":"","Address":"11964 N.C. Hwy 50 N","City":"Willow Springs","State":"NC","Country":"USA","Average_Rating":4.5},"geometry":{"type":"Point","coordinates":[-78.580939,35.535819]}},{"type":"Feature","properties":{"Name":"Bill Ellis Barbecue","Phone Number":"","Address":"3007 Downing St Ext","City":"Wilson","State":"NC","Country":"USA","Average_Rating":4.7},"geometry":{"type":"Point","coordinates":[-77.949796,35.765216]}},{"type":"Feature","properties":{"Name":"Parker's Bar-B-Q","Phone Number":"","Address":"2514 HWY 301 S","City":"Wilson","State":"NC","Country":"USA","Average_Rating":4.5},"geometry":{"type":"Point","coordinates":[-77.935632,35.697822]}},{"type":"Feature","properties":{"Name":"Hill?s Lexington BBQ","Phone Number":"336-767-2184","Address":"4005 N Patterson Ave","City":"Winston Salem","State":"NC","Country":"USA","Average_Rating":3.9},"geometry":{"type":"Point","coordinates":[-80.252172,36.158283]}},{"type":"Feature","properties":{"Name":"Little Richard?s BBQ","Phone Number":"336-760-3457","Address":"4885 Country Club Rd","City":"Winston Salem","State":"NC","Country":"USA","Average_Rating":4.5},"geometry":{"type":"Point","coordinates":[-80.342837,36.082806]}},{"type":"Feature","properties":{"Name":"Mr. BBQ","Phone Number":"","Address":"1381 Peters Creek Pkwy","City":"Winston Salem","State":"NC","Country":"USA","Average_Rating":4.3},"geometry":{"type":"Point","coordinates":[-80.258321,36.07516]}},{"type":"Feature","properties":{"Name":"Taste of Texas Smoked Bar B Que (Seasonal)","Phone Number":"603-588-2432","Address":"479 US Highway 202","City":"Bennington","State":"NH","Country":"USA","Average_Rating":4.9},"geometry":{"type":"Point","coordinates":[-71.558819,43.196122]}},{"type":"Feature","properties":{"Name":"Smoke Shack Southern Barbecue","Phone Number":"603-796-2046","Address":"146 King St","City":"Boscawen","State":"NH","Country":"USA","Average_Rating":4.3},"geometry":{"type":"Point","coordinates":[-71.613692,43.310021]}},{"type":"Feature","properties":{"Name":"Goody Cole's Smokehouse","Phone Number":"603-227-8898","Address":"374 Route 125","City":"Brentwood","State":"NH","Country":"USA","Average_Rating":4.6},"geometry":{"type":"Point","coordinates":[-71.077513,43.005558]}},{"type":"Feature","properties":{"Name":"Bellies - N - Butts","Phone Number":"603-253-4953","Address":"313 Whittier Highway","City":"Center Harbor","State":"NH","Country":"USA","Average_Rating":4.6},"geometry":{"type":"Point","coordinates":[-71.461714,43.709118]}},{"type":"Feature","properties":{"Name":"Sweet Fire BBQ","Phone Number":"603-542-9227","Address":"116 Mulberry St","City":"Claremont","State":"NH","Country":"USA","Average_Rating":4.2},"geometry":{"type":"Point","coordinates":[-72.34482,43.368272]}},{"type":"Feature","properties":{"Name":"Smokeshow Barbeque","Phone Number":"603-227-6399","Address":"89 Fort Eddy Rd","City":"Concord","State":"NH","Country":"USA","Average_Rating":4.6},"geometry":{"type":"Point","coordinates":[-71.530588,43.216475]}},{"type":"Feature","properties":{"Name":"The Farm Bar & Grill","Phone Number":"603-516-3276","Address":"25 Portland Avenue","City":"Dover","State":"NH","Country":"USA","Average_Rating":4.4},"geometry":{"type":"Point","coordinates":[-70.870904,43.196802]}},{"type":"Feature","properties":{"Name":"Huntspoint Meat & BBQ","Phone Number":"603-679-5700","Address":"114 Calef Hwy","City":"Epping","State":"NH","Country":"USA","Average_Rating":4.1},"geometry":{"type":"Point","coordinates":[-71.07284,43.033242]}},{"type":"Feature","properties":{"Name":"Lobster Q","Phone Number":"603-429-3094","Address":"416 Emerson Ave","City":"Hampstead","State":"NH","Country":"USA","Average_Rating":4.3},"geometry":{"type":"Point","coordinates":[-71.149039,42.887897]}},{"type":"Feature","properties":{"Name":"CC&D's Kitchen Market","Phone Number":"603-357-1000","Address":"79 North Street","City":"Keene","State":"NH","Country":"USA","Average_Rating":4.7},"geometry":{"type":"Point","coordinates":[-72.28097,42.944729]}},{"type":"Feature","properties":{"Name":"The Traveling Texas Smoke Shop","Phone Number":"603-393-1189","Address":"263 Lakeside Avenue","City":"Laconia","State":"NH","Country":"USA","Average_Rating":4.7},"geometry":{"type":"Point","coordinates":[-71.459333,43.608457]}},{"type":"Feature","properties":{"Name":"The Smoke Shack","Phone Number":"603-397-7490","Address":"455 Calef Highway","City":"Lee","State":"NH","Country":"USA","Average_Rating":5},"geometry":{"type":"Point","coordinates":[-71.041087,43.105249]}},{"type":"Feature","properties":{"Name":"Texas Toast Eatery","Phone Number":"603-745-9977","Address":"6 Inn Seasons Dr","City":"Lincoln","State":"NH","Country":"USA","Average_Rating":4.3},"geometry":{"type":"Point","coordinates":[-71.655362,44.0509]}},{"type":"Feature","properties":{"Name":"Gabi's Smoke Shack","Phone Number":"603-404-2178","Address":"217 Rockhingham Rd","City":"Londonderry","State":"NH","Country":"USA","Average_Rating":4.5},"geometry":{"type":"Point","coordinates":[-71.39024,42.914004]}},{"type":"Feature","properties":{"Name":"The Farm Bar & Grill","Phone Number":"603-641-3276","Address":"1181 Elm Street","City":"Machnester","State":"NH","Country":"USA","Average_Rating":4.4},"geometry":{"type":"Point","coordinates":[-71.46298,42.995034]}},{"type":"Feature","properties":{"Name":"KC's Ribshack","Phone Number":"603-627-7427","Address":"837 2nd St","City":"Manchester","State":"NH","Country":"USA","Average_Rating":4.6},"geometry":{"type":"Point","coordinates":[-71.479698,42.970026]}},{"type":"Feature","properties":{"Name":"The Traveling Texas Smoke Shop","Phone Number":"603-393-1189","Address":"521 Route 104","City":"Meredith","State":"NH","Country":"USA","Average_Rating":""},"geometry":{"type":"Point","coordinates":[-71.580485,43.619954]}},{"type":"Feature","properties":{"Name":"Phil's Old Fashioned BBQ (Seasonal)","Phone Number":"603-831-9238","Address":"589 Elm st","City":"Milford","State":"NH","Country":"USA","Average_Rating":4.8},"geometry":{"type":"Point","coordinates":[-71.689375,42.84049]}},{"type":"Feature","properties":{"Name":"Moat Mountain Smoke House & Brewing Co","Phone Number":"603-356-6381","Address":"3378 White Mountain Hwy","City":"N Conway","State":"NH","Country":"USA","Average_Rating":4.5},"geometry":{"type":"Point","coordinates":[-71.143588,44.06846]}},{"type":"Feature","properties":{"Name":"Riverside Barbecue","Phone Number":"603-204-5110","Address":"53 Main St","City":"Nashua","State":"NH","Country":"USA","Average_Rating":""},"geometry":{"type":"Point","coordinates":[-71.466928,42.763716]}},{"type":"Feature","properties":{"Name":"Willie Jewells OldeSchool Bar-B-Q","Phone Number":"603-809-4546","Address":"569 Amherst St","City":"Nashua","State":"NH","Country":"USA","Average_Rating":4.2},"geometry":{"type":"Point","coordinates":[-71.532275,42.798381]}},{"type":"Feature","properties":{"Name":"Beach Deck BBQ","Phone Number":"603-760-2735","Address":"207 Ocean Blvd","City":"Seabrook","State":"NH","Country":"USA","Average_Rating":4.6},"geometry":{"type":"Point","coordinates":[-70.818327,42.878827]}},{"type":"Feature","properties":{"Name":"Wildwood Smokehouse BBQ","Phone Number":"603-763-1178","Address":"45 Main St","City":"Sunapee","State":"NH","Country":"USA","Average_Rating":4.5},"geometry":{"type":"Point","coordinates":[-72.083606,43.386541]}},{"type":"Feature","properties":{"Name":"Yankee Smokehouse","Phone Number":"603-539-7427","Address":"Route 16","City":"W Ossipee","State":"NH","Country":"USA","Average_Rating":4.2},"geometry":{"type":"Point","coordinates":[-71.141297,43.756496]}},{"type":"Feature","properties":{"Name":"Pit Stop Smokehouse","Phone Number":"603-399-9010","Address":"1041 Route 12","City":"Westmoreland","State":"NH","Country":"USA","Average_Rating":4.4},"geometry":{"type":"Point","coordinates":[-72.393291,42.990608]}},{"type":"Feature","properties":{"Name":"Jersey Shore BBQ","Phone Number":"732-894-9009","Address":"811 Belmar Plaza","City":"Belmar","State":"NJ","Country":"USA","Average_Rating":4.4},"geometry":{"type":"Point","coordinates":[-74.026513,40.180843]}},{"type":"Feature","properties":{"Name":"Reilly's Ribcage BBQ","Phone Number":"207-771-7200","Address":"49 West Church Street","City":"Bergenfield","State":"NJ","Country":"USA","Average_Rating":4.6},"geometry":{"type":"Point","coordinates":[-73.997772,40.929565]}},{"type":"Feature","properties":{"Name":"Mighty Quinn's BBQ","Phone Number":"973-777-8340","Address":"850 Route 3W","City":"Clifton","State":"NJ","Country":"USA","Average_Rating":4.6},"geometry":{"type":"Point","coordinates":[-74.155672,40.838713]}},{"type":"Feature","properties":{"Name":"Local Smoke BBQ","Phone Number":"609-286-2298","Address":"19 Cookstown-Wrightstown Rd","City":"Cookstown","State":"NJ","Country":"USA","Average_Rating":4.3},"geometry":{"type":"Point","coordinates":[-74.56301,40.04482]}},{"type":"Feature","properties":{"Name":"Fink's BBQ Smokehouse","Phone Number":"201-384-3210","Address":"26 W Madison Ave","City":"Dumont","State":"NJ","Country":"USA","Average_Rating":4.5},"geometry":{"type":"Point","coordinates":[-73.994868,40.940576]}},{"type":"Feature","properties":{"Name":"Back Road BBQ","Phone Number":"908-968-3686","Address":"271 Old Croton Rd","City":"Flemington","State":"NJ","Country":"USA","Average_Rating":5},"geometry":{"type":"Point","coordinates":[-74.92681,40.51108]}},{"type":"Feature","properties":{"Name":"Meat BBQ Co","Phone Number":"609-661-2746","Address":"308 S Main St","City":"Forked River","State":"NJ","Country":"USA","Average_Rating":4.4},"geometry":{"type":"Point","coordinates":[-74.194352,39.835825]}},{"type":"Feature","properties":{"Name":"Cubby's Barbecue","Phone Number":"201-488-9389","Address":"249 S River St","City":"Hackensack","State":"NJ","Country":"USA","Average_Rating":4.4},"geometry":{"type":"Point","coordinates":[-74.039577,40.870633]}},{"type":"Feature","properties":{"Name":"Stickey's B.B.Q","Phone Number":"201-664-4227","Address":"321 Broadway","City":"Hillsdale","State":"NJ","Country":"USA","Average_Rating":4.4},"geometry":{"type":"Point","coordinates":[-74.042711,41.010391]}},{"type":"Feature","properties":{"Name":"Smokehouse BBQ","Phone Number":"201-710-5777","Address":"506 Washington St","City":"Hoboken","State":"NJ","Country":"USA","Average_Rating":5},"geometry":{"type":"Point","coordinates":[-74.029667,40.742526]}},{"type":"Feature","properties":{"Name":"House of 'Que","Phone Number":"201-706-8755","Address":"340 Sinatra Dr","City":"Hoboken","State":"NJ","Country":"USA","Average_Rating":3.9},"geometry":{"type":"Point","coordinates":[-74.026962,40.740554]}},{"type":"Feature","properties":{"Name":"Texas Smoke Barbecue","Phone Number":"862-209-4078","Address":"400 Route 15 S","City":"Jefferson","State":"NJ","Country":"USA","Average_Rating":4.3},"geometry":{"type":"Point","coordinates":[-74.595178,40.94161]}},{"type":"Feature","properties":{"Name":"Hamilton Pork","Phone Number":"201-957-7245","Address":"247 10th Street","City":"Jersey City","State":"NJ","Country":"USA","Average_Rating":4.4},"geometry":{"type":"Point","coordinates":[-74.044266,40.728833]}},{"type":"Feature","properties":{"Name":"Red White & Que Smokehouse","Phone Number":"201-998-2271","Address":"266 Davis Ave","City":"Kearny","State":"NJ","Country":"USA","Average_Rating":""},"geometry":{"type":"Point","coordinates":[-74.144657,40.761915]}},{"type":"Feature","properties":{"Name":"Smitty's Smokehouse & BBQ","Phone Number":"201-460-3661","Address":"440 Valley Brook Ave","City":"Lyndhurst","State":"NJ","Country":"USA","Average_Rating":""},"geometry":{"type":"Point","coordinates":[-74.123323,40.811313]}},{"type":"Feature","properties":{"Name":"Mason Jar","Phone Number":"201-529-2302","Address":"219 Ramapo Valley Rd","City":"Mahwah","State":"NJ","Country":"USA","Average_Rating":4.1},"geometry":{"type":"Point","coordinates":[-74.162774,41.097498]}},{"type":"Feature","properties":{"Name":"Grub Hut Unique BBQ & Mexican Grill","Phone Number":"908-203-8003","Address":"307 N Main St","City":"Manville","State":"NJ","Country":"USA","Average_Rating":4.5},"geometry":{"type":"Point","coordinates":[-74.586729,40.547743]}},{"type":"Feature","properties":{"Name":"The Wood Pit Barbecue","Phone Number":"973-954-4679","Address":"108 Bloomfield Ave","City":"Montclair","State":"NJ","Country":"USA","Average_Rating":4.1},"geometry":{"type":"Point","coordinates":[-74.210503,40.807297]}},{"type":"Feature","properties":{"Name":"Ruthie's Bar-B-Q & Pizza","Phone Number":"973-509-1134","Address":"64 1/2 Chestnut St","City":"Montclair","State":"NJ","Country":"USA","Average_Rating":4.3},"geometry":{"type":"Point","coordinates":[-74.209733,40.82102]}},{"type":"Feature","properties":{"Name":"Bluff City BBQ","Phone Number":"973-744-4657","Address":"21 Midland Avenue","City":"Montclair","State":"NJ","Country":"USA","Average_Rating":4.1},"geometry":{"type":"Point","coordinates":[-74.219336,40.816671]}},{"type":"Feature","properties":{"Name":"Kimchi Smoke","Phone Number":"973-744-3900","Address":"345 Bloomfield Avenue","City":"Montclair","State":"NJ","Country":"USA","Average_Rating":3.8},"geometry":{"type":"Point","coordinates":[-74.214757,40.812011]}},{"type":"Feature","properties":{"Name":"Local Smoke BBQ","Phone Number":"732-455-8888","Address":"719 Route 35","City":"Neptune City","State":"NJ","Country":"USA","Average_Rating":4.4},"geometry":{"type":"Point","coordinates":[-74.027393,40.202754]}},{"type":"Feature","properties":{"Name":"Brother Jimmy's BBQ","Phone Number":"732-249-7427","Address":"5 Easton Ave","City":"New Brunswick","State":"NJ","Country":"USA","Average_Rating":3.9},"geometry":{"type":"Point","coordinates":[-74.446768,40.496952]}},{"type":"Feature","properties":{"Name":"Brothers Barbeque","Phone Number":"973-624-5269","Address":"388 S Orange Ave","City":"Newark","State":"NJ","Country":"USA","Average_Rating":4.8},"geometry":{"type":"Point","coordinates":[-74.202024,40.740538]}},{"type":"Feature","properties":{"Name":"Bloomfield Avenue BBQ Churrasqueira","Phone Number":"973-268-5415","Address":"391 Bloomfield Ave","City":"Newark","State":"NJ","Country":"USA","Average_Rating":4.3},"geometry":{"type":"Point","coordinates":[-74.181894,40.768812]}},{"type":"Feature","properties":{"Name":"Dinosaur Bar-B-Que","Phone Number":"862-214-6100","Address":"224 Market St","City":"Newark","State":"NJ","Country":"USA","Average_Rating":4.6},"geometry":{"type":"Point","coordinates":[-74.170205,40.734723]}},{"type":"Feature","properties":{"Name":"Pulaski Barbecue","Phone Number":"973-344-0068","Address":"384 Walnut St","City":"Newark","State":"NJ","Country":"USA","Average_Rating":4.3},"geometry":{"type":"Point","coordinates":[-74.15728,40.725109]}},{"type":"Feature","properties":{"Name":"The Original Big Ed's BBQ","Phone Number":"732-583-2626","Address":"305 Route 34","City":"Old Bridge","State":"NJ","Country":"USA","Average_Rating":4.4},"geometry":{"type":"Point","coordinates":[-74.274334,40.425312]}},{"type":"Feature","properties":{"Name":"The Hickory Hog BBQ","Phone Number":"732-714-7427","Address":"2310 Bridge Ave","City":"Point Pleasant","State":"NJ","Country":"USA","Average_Rating":4.2},"geometry":{"type":"Point","coordinates":[-74.073344,40.072268]}},{"type":"Feature","properties":{"Name":"Surf BBQ","Phone Number":"732-530-6590","Address":"132 E River Rd","City":"Rumson","State":"NJ","Country":"USA","Average_Rating":4.4},"geometry":{"type":"Point","coordinates":[-73.999503,40.372298]}},{"type":"Feature","properties":{"Name":"Big Harlie's BBQ","Phone Number":"732-727-1110","Address":"506 Raritan St","City":"Sayreville","State":"NJ","Country":"USA","Average_Rating":4.2},"geometry":{"type":"Point","coordinates":[-74.298351,40.480076]}},{"type":"Feature","properties":{"Name":"Mama's Southern Style BBQ 2","Phone Number":"908-687-0400","Address":"2179 Springfield Ave","City":"Vauxhall","State":"NJ","Country":"USA","Average_Rating":4.2},"geometry":{"type":"Point","coordinates":[-74.283125,40.718494]}},{"type":"Feature","properties":{"Name":"Christine's House of Kingfish","Phone Number":"609-68-3600","Address":"926 Route 206","City":"Vincentown","State":"NJ","Country":"USA","Average_Rating":4.7},"geometry":{"type":"Point","coordinates":[-74.73866,39.76734]}},{"type":"Feature","properties":{"Name":"SuzyQue's BBQ & Bar","Phone Number":"973-736-7899","Address":"34 S Valley Rd","City":"W Orange","State":"NJ","Country":"USA","Average_Rating":3.9},"geometry":{"type":"Point","coordinates":[-74.251259,40.765726]}},{"type":"Feature","properties":{"Name":"Kimchi Smoke","Phone Number":"201-497-6333","Address":"301 Center Avenue","City":"Westwood","State":"NJ","Country":"USA","Average_Rating":4.4},"geometry":{"type":"Point","coordinates":[-74.031756,40.992984]}},{"type":"Feature","properties":{"Name":"Hot Rods Real Pit BBQ","Phone Number":"973-361-5050","Address":"175 N Main St","City":"Wharton","State":"NJ","Country":"USA","Average_Rating":4.7},"geometry":{"type":"Point","coordinates":[-74.57863,40.904462]}},{"type":"Feature","properties":{"Name":"Bourbon BBQ","Phone Number":"201-444-6661","Address":"529 Goffle Rd","City":"Wyckoff","State":"NJ","Country":"USA","Average_Rating":3.3},"geometry":{"type":"Point","coordinates":[-74.14749,40.974246]}},{"type":"Feature","properties":{"Name":"Serious Texas Bar-B-Q","Phone Number":"505-327-9889","Address":"3475 E Main Ave","City":"Farmington","State":"NM","Country":"USA","Average_Rating":""},"geometry":{"type":"Point","coordinates":[-108.1593,36.7498]}},{"type":"Feature","properties":{"Name":"Red's Old 395 Grill","Phone Number":"775-887-0395","Address":"1055 S Carson St","City":"Carson City","State":"NV","Country":"USA","Average_Rating":4.4},"geometry":{"type":"Point","coordinates":[-119.766906,39.157574]}},{"type":"Feature","properties":{"Name":"Q's Steak & BBQ","Phone Number":"775-841-7227","Address":"230 Fairview Dr","City":"Carson City","State":"NV","Country":"USA","Average_Rating":""},"geometry":{"type":"Point","coordinates":[-119.765602,39.150048]}},{"type":"Feature","properties":{"Name":"Rollin Smoke Barbeque Rollin Smoke Barbeque is NOT your typical Las Vegas restaurant. It IS however your typical mid-west style BBQ joint; from the line at the door for placing your order to the seat yourself and they will find you style dining. It IS ALSO THE best BBQ in Las Vegas (and probably all of Nevada). It's located well off the strip; in an industrial area under a freeway overpass; north of the Convention Center area. They're only open `till 8PM weekdays; so plan accordingly.","Phone Number":"702-836-3621","Address":"3185 S Highland Dr","City":"Las Vegas","State":"NV","Country":"USA","Average_Rating":4.6},"geometry":{"type":"Point","coordinates":[-115.176879,36.13202]}},{"type":"Feature","properties":{"Name":"Capital Q Smokehouse","Phone Number":"518-438-7675","Address":"329 Ontario St","City":"Albany","State":"NY","Country":"USA","Average_Rating":4.4},"geometry":{"type":"Point","coordinates":[-73.783744,42.659312]}},{"type":"Feature","properties":{"Name":"The Barrel Saloon & Texas BBQ","Phone Number":"518-694-0670","Address":"942 Broadway Ave","City":"Albany","State":"NY","Country":"USA","Average_Rating":4.1},"geometry":{"type":"Point","coordinates":[-73.744096,42.662338]}},{"type":"Feature","properties":{"Name":"Warehouse Grill & BBQ","Phone Number":"518-489-5227","Address":"219 Wolf Rd","City":"Albany","State":"NY","Country":"USA","Average_Rating":4.2},"geometry":{"type":"Point","coordinates":[-73.796587,42.725198]}},{"type":"Feature","properties":{"Name":"Three Little Pigs BBQ of Westchester","Phone Number":"914-730-3330","Address":"465 Main St","City":"Armonk","State":"NY","Country":"USA","Average_Rating":3.5},"geometry":{"type":"Point","coordinates":[-73.713745,41.128249]}},{"type":"Feature","properties":{"Name":"The Strand Smokehouse","Phone Number":"718-440-3231","Address":"25-27 Broadway","City":"Astoria","State":"NY","Country":"USA","Average_Rating":""},"geometry":{"type":"Point","coordinates":[-73.927282,40.76321]}},{"type":"Feature","properties":{"Name":"Grandpa Val's BBQ","Phone Number":"","Address":"18-36 21st Dr","City":"Astoria","State":"NY","Country":"USA","Average_Rating":""},"geometry":{"type":"Point","coordinates":[-73.918013,40.782287]}},{"type":"Feature","properties":{"Name":"Butcher Bar","Phone Number":"718-606-8140","Address":"37-10 30th Ave","City":"Astoria","State":"NY","Country":"USA","Average_Rating":4.2},"geometry":{"type":"Point","coordinates":[-73.916356,40.764311]}},{"type":"Feature","properties":{"Name":"MexiBBQ","Phone Number":"718-626-0333","Address":"37-11 30th Ave","City":"Astoria","State":"NY","Country":"USA","Average_Rating":3.9},"geometry":{"type":"Point","coordinates":[-73.915944,40.764611]}},{"type":"Feature","properties":{"Name":"Salt & Bone Smokehouse","Phone Number":"917-832-7819","Address":"32-07 30th Avenue","City":"Astoria","State":"NY","Country":"USA","Average_Rating":4},"geometry":{"type":"Point","coordinates":[-73.920303,40.766577]}},{"type":"Feature","properties":{"Name":"The Towne Tavern","Phone Number":"518-674-3040","Address":"2850 NY 43","City":"Averill Park","State":"NY","Country":"USA","Average_Rating":4.4},"geometry":{"type":"Point","coordinates":[-73.539711,42.637211]}},{"type":"Feature","properties":{"Name":"Spicy's Barbecue","Phone Number":"631-286-2755","Address":"501 Station Rd","City":"Bellport","State":"NY","Country":"USA","Average_Rating":4.7},"geometry":{"type":"Point","coordinates":[-72.943051,40.775005]}},{"type":"Feature","properties":{"Name":"Triple B BBQ","Phone Number":"845-278-7227","Address":"176 Fairfield Dr","City":"Brewster","State":"NY","Country":"USA","Average_Rating":2.3},"geometry":{"type":"Point","coordinates":[-73.540655,41.456016]}},{"type":"Feature","properties":{"Name":"Mason Jar","Phone Number":"718-852-1015","Address":"590 Fulton Street","City":"Broklyn","State":"NY","Country":"USA","Average_Rating":4.3},"geometry":{"type":"Point","coordinates":[-73.978851,40.687779]}},{"type":"Feature","properties":{"Name":"Dallas BBQ","Phone Number":"719-220-2822","Address":"281 W Fordham Rd","City":"Bronx","State":"NY","Country":"USA","Average_Rating":4.1},"geometry":{"type":"Point","coordinates":[-73.911701,40.861956]}},{"type":"Feature","properties":{"Name":"The Barbecue Pit","Phone Number":"718-601-2400","Address":"5788 Mosholu Ave","City":"Bronx","State":"NY","Country":"USA","Average_Rating":4},"geometry":{"type":"Point","coordinates":[-73.897778,40.905283]}},{"type":"Feature","properties":{"Name":"Dallas BBQ","Phone Number":"719-320-8800","Address":"2160 Bartow Ave","City":"Bronx","State":"NY","Country":"USA","Average_Rating":4},"geometry":{"type":"Point","coordinates":[-73.824575,40.867877]}},{"type":"Feature","properties":{"Name":"Bronx Alehouse","Phone Number":"718-601-0204","Address":"216 W 238th St","City":"Bronx","State":"NY","Country":"USA","Average_Rating":4.5},"geometry":{"type":"Point","coordinates":[-73.899677,40.884649]}},{"type":"Feature","properties":{"Name":"Uncle Jimmy's Backyard BBQ","Phone Number":"718-567-3800","Address":"8727 4th Ave","City":"Brooklyn","State":"NY","Country":"USA","Average_Rating":4.2},"geometry":{"type":"Point","coordinates":[-74.028751,40.621163]}},{"type":"Feature","properties":{"Name":"The Hen House","Phone Number":"718-680-3320","Address":"7302 3rd Ave","City":"Brooklyn","State":"NY","Country":"USA","Average_Rating":3.8},"geometry":{"type":"Point","coordinates":[-74.027545,40.632801]}},{"type":"Feature","properties":{"Name":"Hometown BBQ","Phone Number":"347-294-4644","Address":"454 Van Brunt St","City":"Brooklyn","State":"NY","Country":"USA","Average_Rating":4.5},"geometry":{"type":"Point","coordinates":[-74.016162,40.674925]}},{"type":"Feature","properties":{"Name":"Brooklyn Ice House","Phone Number":"347-871-7538","Address":"318 Van Brunt St","City":"Brooklyn","State":"NY","Country":"USA","Average_Rating":4.5},"geometry":{"type":"Point","coordinates":[-74.011073,40.679166]}},{"type":"Feature","properties":{"Name":"Fletcher's Brooklyn Barbecue","Phone Number":"347-763-2680","Address":"433 3rd Ave","City":"Brooklyn","State":"NY","Country":"USA","Average_Rating":4.4},"geometry":{"type":"Point","coordinates":[-73.990087,40.672234]}},{"type":"Feature","properties":{"Name":"Pig Beach NYC (Seasonal)","Phone Number":"","Address":"452 Union St","City":"Brooklyn","State":"NY","Country":"USA","Average_Rating":4.4},"geometry":{"type":"Point","coordinates":[-73.988936,40.67956]}},{"type":"Feature","properties":{"Name":"Hill Country","Phone Number":"718-885-4608","Address":"345 Adams St","City":"Brooklyn","State":"NY","Country":"USA","Average_Rating":4},"geometry":{"type":"Point","coordinates":[-73.988444,40.692723]}},{"type":"Feature","properties":{"Name":"Dallas BBQ","Phone Number":"718-643-5700","Address":"180 Livingston St","City":"Brooklyn","State":"NY","Country":"USA","Average_Rating":4.1},"geometry":{"type":"Point","coordinates":[-73.987005,40.689736]}},{"type":"Feature","properties":{"Name":"Dinosaur Bar-B-Que","Phone Number":"347-429-7030","Address":"604 Union St","City":"Brooklyn","State":"NY","Country":"USA","Average_Rating":4.4},"geometry":{"type":"Point","coordinates":[-73.984106,40.677563]}},{"type":"Feature","properties":{"Name":"The Smoke Joint","Phone Number":"718-797-1011","Address":"87 S Elliott Pl","City":"Brooklyn","State":"NY","Country":"USA","Average_Rating":4.8},"geometry":{"type":"Point","coordinates":[-73.975337,40.686921]}},{"type":"Feature","properties":{"Name":"Morgan;s Brooklyn Barbecue","Phone Number":"718-622-2224","Address":"267 Flatbush Ave","City":"Brooklyn","State":"NY","Country":"USA","Average_Rating":4},"geometry":{"type":"Point","coordinates":[-73.974102,40.679898]}},{"type":"Feature","properties":{"Name":"Humo Smokehouse","Phone Number":"347-689-9631","Address":"336 Myrtle Ave","City":"Brooklyn","State":"NY","Country":"USA","Average_Rating":4.6},"geometry":{"type":"Point","coordinates":[-73.973076,40.693088]}},{"type":"Feature","properties":{"Name":"Randall's Barbecue","Phone Number":"914-490-1182","Address":"641 Classon Ave","City":"Brooklyn","State":"NY","Country":"USA","Average_Rating":""},"geometry":{"type":"Point","coordinates":[-73.958435,40.678534]}},{"type":"Feature","properties":{"Name":"Mighty Quinn's Barbecue","Phone Number":"718-857-2339","Address":"899 Bergen St","City":"Brooklyn","State":"NY","Country":"USA","Average_Rating":4.2},"geometry":{"type":"Point","coordinates":[-73.957156,40.677454]}},{"type":"Feature","properties":{"Name":"Fette Sau","Phone Number":"718-963-3404","Address":"354 Metropolitan Ave","City":"Brooklyn","State":"NY","Country":"USA","Average_Rating":4.4},"geometry":{"type":"Point","coordinates":[-73.956498,40.713903]}},{"type":"Feature","properties":{"Name":"Mable's Smokehouse","Phone Number":"718-218-6655","Address":"44 Berry St","City":"Brooklyn","State":"NY","Country":"USA","Average_Rating":4.4},"geometry":{"type":"Point","coordinates":[-73.95656,40.72121]}},{"type":"Feature","properties":{"Name":"Dallas BBQ","Phone Number":"718-942-3000","Address":"2146 Nostrand Ave","City":"Brooklyn","State":"NY","Country":"USA","Average_Rating":4.1},"geometry":{"type":"Point","coordinates":[-73.947795,40.632455]}},{"type":"Feature","properties":{"Name":"Northern Bell","Phone Number":"718-388-9040","Address":"612 Metropolitan Ave","City":"Brooklyn","State":"NY","Country":"USA","Average_Rating":4.5},"geometry":{"type":"Point","coordinates":[-73.948582,40.713939]}},{"type":"Feature","properties":{"Name":"Izzy's Brooklyn Smokehouse","Phone Number":"718-930-1296","Address":"397 Troy Ave","City":"Brooklyn","State":"NY","Country":"USA","Average_Rating":4.5},"geometry":{"type":"Point","coordinates":[-73.936745,40.664844]}},{"type":"Feature","properties":{"Name":"Joeper's SmokeShack","Phone Number":"718-677-4225","Address":"2085 Flatbush Ave","City":"Brooklyn","State":"NY","Country":"USA","Average_Rating":4.1},"geometry":{"type":"Point","coordinates":[-73.932924,40.619264]}},{"type":"Feature","properties":{"Name":"Arrogant Swine","Phone Number":"347-328-5595","Address":"175 Morgan Ave","City":"Brooklyn","State":"NY","Country":"USA","Average_Rating":4},"geometry":{"type":"Point","coordinates":[-73.933633,40.710041]}},{"type":"Feature","properties":{"Name":"Linda's Rib Kage","Phone Number":"718-484-2414","Address":"260 Halsey St","City":"Brooklyn","State":"NY","Country":"USA","Average_Rating":3.6},"geometry":{"type":"Point","coordinates":[-73.943394,40.682423]}},{"type":"Feature","properties":{"Name":"Urban Smoke","Phone Number":"718-230-4175","Address":"417 Prospect Pl","City":"Brooklyn","State":"NY","Country":"USA","Average_Rating":4.2},"geometry":{"type":"Point","coordinates":[-73.962674,40.676499]}},{"type":"Feature","properties":{"Name":"Main House BBQ","Phone Number":"718-673-8773","Address":"6001 Strickland Ave","City":"Brooklyn","State":"NY","Country":"USA","Average_Rating":4.5},"geometry":{"type":"Point","coordinates":[-73.913054,40.611896]}},{"type":"Feature","properties":{"Name":"Fletcher's Brooklyn Barbecue","Phone Number":"347-763-2680","Address":"445 Albee Square West","City":"Brooklyn","State":"NY","Country":"USA","Average_Rating":""},"geometry":{"type":"Point","coordinates":[-73.982866,40.690876]}},{"type":"Feature","properties":{"Name":"Brooklyn Pit","Phone Number":"","Address":"3049 Stillwell Avenue","City":"Brooklyn","State":"NY","Country":"USA","Average_Rating":3.8},"geometry":{"type":"Point","coordinates":[-73.981095,40.574935]}},{"type":"Feature","properties":{"Name":"Danny's Smokehouse","Phone Number":"718-483-8853","Address":"547 Kings Highway","City":"Brooklyn","State":"NY","Country":"USA","Average_Rating":4},"geometry":{"type":"Point","coordinates":[-73.969308,40.604758]}},{"type":"Feature","properties":{"Name":"Mep's BBQ","Phone Number":"518-781-0781","Address":"13361 Route 22","City":"Canaan","State":"NY","Country":"USA","Average_Rating":3.8},"geometry":{"type":"Point","coordinates":[-73.408233,42.4022]}},{"type":"Feature","properties":{"Name":"Northern Smoke BBQ","Phone Number":"845-669-8600","Address":"166 Stoneleigh Ave","City":"Carmel","State":"NY","Country":"USA","Average_Rating":4.6},"geometry":{"type":"Point","coordinates":[-73.660448,41.355756]}},{"type":"Feature","properties":{"Name":"Graze Smoke House","Phone Number":"516-828-5000","Address":"529 Central Ave","City":"Cedarhurst","State":"NY","Country":"USA","Average_Rating":4.5},"geometry":{"type":"Point","coordinates":[-73.723009,40.621927]}},{"type":"Feature","properties":{"Name":"Up North BBQ (Seasonal)","Phone Number":"518-846-3663","Address":"9592 Route 9","City":"Chazy","State":"NY","Country":"USA","Average_Rating":5},"geometry":{"type":"Point","coordinates":[-73.436394,44.887049]}},{"type":"Feature","properties":{"Name":"Southbound BBQ","Phone Number":"845-352-0001","Address":"811 Chestnut Ridge Road","City":"Chestnut Ridge","State":"NY","Country":"USA","Average_Rating":4.3},"geometry":{"type":"Point","coordinates":[-74.058374,41.083633]}},{"type":"Feature","properties":{"Name":"'Cue 2 Go","Phone Number":"518-537-7246","Address":"230 County Route 6","City":"Clermont","State":"NY","Country":"USA","Average_Rating":4.7},"geometry":{"type":"Point","coordinates":[-73.893774,42.079245]}},{"type":"Feature","properties":{"Name":"Giffy's Bar-B-Q Tues-Sun. 11am - 9pm","Phone Number":"518-373-9800","Address":"1739 Route 9","City":"Clifton Park","State":"NY","Country":"USA","Average_Rating":""},"geometry":{"type":"Point","coordinates":[-73.773299,42.8692]}},{"type":"Feature","properties":{"Name":"Pig Pit BBQ","Phone Number":"518-235-2323","Address":"1 Niver St","City":"Cohoes","State":"NY","Country":"USA","Average_Rating":4.5},"geometry":{"type":"Point","coordinates":[-73.697945,42.760252]}},{"type":"Feature","properties":{"Name":"Round Up Texas BBQ","Phone Number":"845-809-5557","Address":"2741 Route 9","City":"Cold Spring","State":"NY","Country":"USA","Average_Rating":4.5},"geometry":{"type":"Point","coordinates":[-73.916742,41.431461]}},{"type":"Feature","properties":{"Name":"The Spare Rib","Phone Number":"631-543-5050","Address":"2098 Jericho Trnpk","City":"Commack","State":"NY","Country":"USA","Average_Rating":4.3},"geometry":{"type":"Point","coordinates":[-73.278255,40.843944]}},{"type":"Feature","properties":{"Name":"Brothers Barbecue","Phone Number":"845-534-4227","Address":"2402 Route 32","City":"Cornwall","State":"NY","Country":"USA","Average_Rating":4.4},"geometry":{"type":"Point","coordinates":[-74.056224,41.44723]}},{"type":"Feature","properties":{"Name":"Memphis Mae's BBQ Bistro","Phone Number":"914-271-0125","Address":"173 S Riverside Ave","City":"Croton-On-Hudson","State":"NY","Country":"USA","Average_Rating":3.8},"geometry":{"type":"Point","coordinates":[-73.886229,41.201845]}},{"type":"Feature","properties":{"Name":"Bailey's Smokehouse","Phone Number":"845-398-1454","Address":"136 Erie St","City":"E Blauvelt","State":"NY","Country":"USA","Average_Rating":4.5},"geometry":{"type":"Point","coordinates":[-73.951637,41.06375]}},{"type":"Feature","properties":{"Name":"Smokin' Wolf BBQ","Phone Number":"631-604-7470","Address":"199 Pantigo Rd","City":"E Hampton","State":"NY","Country":"USA","Average_Rating":4.4},"geometry":{"type":"Point","coordinates":[-72.1697,40.968177]}},{"type":"Feature","properties":{"Name":"New Moon Cafe","Phone Number":"631-653-4042","Address":"524 Montauk Hwy","City":"E Quogue","State":"NY","Country":"USA","Average_Rating":4.3},"geometry":{"type":"Point","coordinates":[-72.579964,40.843163]}},{"type":"Feature","properties":{"Name":"Bad To the Bone Barbecue Fantastic BBQ and other items. Very good sides","Phone Number":"315-589-9252","Address":"5120 New York 104","City":"East Williamson","State":"NY","Country":"USA","Average_Rating":4.1},"geometry":{"type":"Point","coordinates":[-77.138676,43.235727]}},{"type":"Feature","properties":{"Name":"Sempre Fame","Phone Number":"516-488-7900","Address":"374 Tulip Ave","City":"Floral Park","State":"NY","Country":"USA","Average_Rating":4.8},"geometry":{"type":"Point","coordinates":[-73.694933,40.720447]}},{"type":"Feature","properties":{"Name":"Queens Bully","Phone Number":"718-520-8600","Address":"113-30 Queens Blvd","City":"Forest Hills","State":"NY","Country":"USA","Average_Rating":4.2},"geometry":{"type":"Point","coordinates":[-73.835459,40.71702]}},{"type":"Feature","properties":{"Name":"Barnstormer BarbeQue","Phone Number":"845-446-0912","Address":"1076 Route 9W","City":"Fort Montgomery","State":"NY","Country":"USA","Average_Rating":4.5},"geometry":{"type":"Point","coordinates":[-73.979272,41.337822]}},{"type":"Feature","properties":{"Name":"Bell's Kitchen & Smokehouse","Phone Number":"516-492-3557","Address":"976 Hemstead Turnpike","City":"Franklin Square","State":"NY","Country":"USA","Average_Rating":4.5},"geometry":{"type":"Point","coordinates":[-73.676177,40.707688]}},{"type":"Feature","properties":{"Name":"Chico's BBQ","Phone Number":"518-456-0940","Address":"2490 Western Ave","City":"Guilderland","State":"NY","Country":"USA","Average_Rating":3.9},"geometry":{"type":"Point","coordinates":[-73.925734,42.710111]}},{"type":"Feature","properties":{"Name":"American Glory BBQ","Phone Number":"518-822-1234","Address":"342 Warren St","City":"Hudson","State":"NY","Country":"USA","Average_Rating":3.9},"geometry":{"type":"Point","coordinates":[-73.78954,42.252124]}},{"type":"Feature","properties":{"Name":"Revenge BBQ","Phone Number":"914-674-4848","Address":"48 Main Street","City":"Irvington","State":"NY","Country":"USA","Average_Rating":4.8},"geometry":{"type":"Point","coordinates":[-73.869931,41.039265]}},{"type":"Feature","properties":{"Name":"Dang BBQ","Phone Number":"631-581-3264","Address":"174 Islip Avenue","City":"Islip","State":"NY","Country":"USA","Average_Rating":4.2},"geometry":{"type":"Point","coordinates":[-73.208041,40.736591]}},{"type":"Feature","properties":{"Name":"Poor Freddie's Rib Shack","Phone Number":"718-659-7000","Address":"15706 Linden Blvd","City":"Jamaica","State":"NY","Country":"USA","Average_Rating":4},"geometry":{"type":"Point","coordinates":[-73.790286,40.687769]}},{"type":"Feature","properties":{"Name":"Outpost BBQ","Phone Number":"845-626-4455","Address":"Corner of Route 209 and Samsonville Rd","City":"Kerhokson","State":"NY","Country":"USA","Average_Rating":4.5},"geometry":{"type":"Point","coordinates":[-74.291663,41.781676]}},{"type":"Feature","properties":{"Name":"Dixie's Smokehouse BBQ","Phone Number":"631-292-2520","Address":"12 Indian Head Rd","City":"Kings Park","State":"NY","Country":"USA","Average_Rating":3.9},"geometry":{"type":"Point","coordinates":[-73.254343,40.883342]}},{"type":"Feature","properties":{"Name":"Hickory BBQ and Smokehouse","Phone Number":"845-338-2424","Address":"743 Route 28","City":"Kingston","State":"NY","Country":"USA","Average_Rating":4.3},"geometry":{"type":"Point","coordinates":[-74.079263,41.972499]}},{"type":"Feature","properties":{"Name":"Barnsider Smoke House","Phone Number":"518-668-5268","Address":"2112 Route 9","City":"Lake George","State":"NY","Country":"USA","Average_Rating":4.2},"geometry":{"type":"Point","coordinates":[-73.710229,43.407712]}},{"type":"Feature","properties":{"Name":"Smokey Joe's Saloon & Grill","Phone Number":"518-668-2660","Address":"25 Canada St","City":"Lake George","State":"NY","Country":"USA","Average_Rating":3.8},"geometry":{"type":"Point","coordinates":[-73.713668,43.417944]}},{"type":"Feature","properties":{"Name":"Wyatts BBQ","Phone Number":"518-523-2388","Address":"2525 Main St","City":"Lake Placid","State":"NY","Country":"USA","Average_Rating":4.3},"geometry":{"type":"Point","coordinates":[-73.984822,44.287142]}},{"type":"Feature","properties":{"Name":"Redneck Bistro; BBQ & Grill","Phone Number":"518-523-8095","Address":"2302 Saranac Ave","City":"Lake Placid","State":"NY","Country":"USA","Average_Rating":4.5},"geometry":{"type":"Point","coordinates":[-73.989735,44.29216]}},{"type":"Feature","properties":{"Name":"Smoke Signals Barbecue","Phone Number":"518-523-2271","Address":"2489 Main St","City":"Lake Placid","State":"NY","Country":"USA","Average_Rating":4.5},"geometry":{"type":"Point","coordinates":[-73.985251,44.28843]}},{"type":"Feature","properties":{"Name":"The Bull and Barrel Smokehouse Grill","Phone Number":"518-785-7111","Address":"155 Wade Rd","City":"Latham","State":"NY","Country":"USA","Average_Rating":4.2},"geometry":{"type":"Point","coordinates":[-73.790833,42.746029]}},{"type":"Feature","properties":{"Name":"Bad Piggy BBQ","Phone Number":"518-222-3280","Address":"1214 Troy Schenectady Road","City":"Latham","State":"NY","Country":"USA","Average_Rating":""},"geometry":{"type":"Point","coordinates":[-73.823291,42.771986]}},{"type":"Feature","properties":{"Name":"Pigs on a Wing","Phone Number":"631-450-4454","Address":"272 N Wellwood Ave","City":"Lindenhurst","State":"NY","Country":"USA","Average_Rating":4.4},"geometry":{"type":"Point","coordinates":[-73.37631,40.690114]}},{"type":"Feature","properties":{"Name":"Tennesses Jed's","Phone Number":"516-308-3355","Address":"143 N Wellwood Ave","City":"Lindenhurst","State":"NY","Country":"USA","Average_Rating":4.5},"geometry":{"type":"Point","coordinates":[-73.374744,40.687714]}},{"type":"Feature","properties":{"Name":"Stuey's Smokehouse BBQ","Phone Number":"516-277-2202","Address":"50 Birch Hill Rd","City":"Locust Valley","State":"NY","Country":"USA","Average_Rating":4.6},"geometry":{"type":"Point","coordinates":[-73.597203,40.876148]}},{"type":"Feature","properties":{"Name":"Swingbellys BBQ","Phone Number":"516-431-3464","Address":"909 W Beach St","City":"Long Beach","State":"NY","Country":"USA","Average_Rating":4.2},"geometry":{"type":"Point","coordinates":[-73.692108,40.586232]}},{"type":"Feature","properties":{"Name":"John Brown Smokehouse","Phone Number":"718-361-0085","Address":"10-43 44th Dr","City":"Long Island City","State":"NY","Country":"USA","Average_Rating":4.5},"geometry":{"type":"Point","coordinates":[-73.950122,40.748871]}},{"type":"Feature","properties":{"Name":"Holy Smoke BBQ","Phone Number":"845-628-9795","Address":"241 Route 6N","City":"Mahopac","State":"NY","Country":"USA","Average_Rating":4.3},"geometry":{"type":"Point","coordinates":[-73.776039,41.355244]}},{"type":"Feature","properties":{"Name":"Johnny D's BBQ","Phone Number":"845-803-8667","Address":"961 Route 6","City":"Mahopac","State":"NY","Country":"USA","Average_Rating":3.8},"geometry":{"type":"Point","coordinates":[-73.723837,41.390903]}},{"type":"Feature","properties":{"Name":"Butcher Bar","Phone Number":"212-842-8000","Address":"146 Orchard Street","City":"Manhattan","State":"NY","Country":"USA","Average_Rating":4.3},"geometry":{"type":"Point","coordinates":[-73.988739,40.72051]}},{"type":"Feature","properties":{"Name":"Slide Bar-Bar-B-Q","Phone Number":"718-565-0565","Address":"5275 65th Pl","City":"Maspeth","State":"NY","Country":"USA","Average_Rating":4.5},"geometry":{"type":"Point","coordinates":[-73.900116,40.731556]}},{"type":"Feature","properties":{"Name":"Adam's Rib","Phone Number":"516-798-4400","Address":"1026 Park Blvd","City":"Massapequa","State":"NY","Country":"USA","Average_Rating":4.7},"geometry":{"type":"Point","coordinates":[-73.455936,40.679329]}},{"type":"Feature","properties":{"Name":"Big Daddy's","Phone Number":"516-799-8877","Address":"1 Park Ln","City":"Massapequa","State":"NY","Country":"USA","Average_Rating":4.5},"geometry":{"type":"Point","coordinates":[-73.439434,40.67933]}},{"type":"Feature","properties":{"Name":"Smokin' Al's","Phone Number":"516-799-4900","Address":"4847 Merrick Rd","City":"Massapequa Park","State":"NY","Country":"USA","Average_Rating":4.4},"geometry":{"type":"Point","coordinates":[-73.456561,40.666702]}},{"type":"Feature","properties":{"Name":"R.S. Jones","Phone Number":"516-378-7177","Address":"153 Merrick Ave","City":"Merrick","State":"NY","Country":"USA","Average_Rating":4.7},"geometry":{"type":"Point","coordinates":[-73.554356,40.668341]}},{"type":"Feature","properties":{"Name":"Brian's Backyard BBQ","Phone Number":"845-692-3227","Address":"1665 Route 211 E","City":"Middletown","State":"NY","Country":"USA","Average_Rating":4.2},"geometry":{"type":"Point","coordinates":[-74.30777,41.479294]}},{"type":"Feature","properties":{"Name":"Biscuits & Barbecue","Phone Number":"516-493-9797","Address":"106 E 2nd St","City":"Mineola","State":"NY","Country":"USA","Average_Rating":4.5},"geometry":{"type":"Point","coordinates":[-73.629909,40.743985]}},{"type":"Feature","properties":{"Name":"John Fazio Farm Market & BBQ","Phone Number":"845-883-4100","Address":"1836 Route 44/55","City":"Modena","State":"NY","Country":"USA","Average_Rating":4.6},"geometry":{"type":"Point","coordinates":[-74.092378,41.67024]}},{"type":"Feature","properties":{"Name":"J Lincoln Barbecue","Phone Number":"914-665-8800","Address":"68 W Lincoln Ave","City":"Mount Vernon","State":"NY","Country":"USA","Average_Rating":4.5},"geometry":{"type":"Point","coordinates":[-73.840472,40.917449]}},{"type":"Feature","properties":{"Name":"BBQ Rib House","Phone Number":"914-665-3490","Address":"529 Gramatan Ave","City":"Mount Vernon","State":"NY","Country":"USA","Average_Rating":3.1},"geometry":{"type":"Point","coordinates":[-73.835775,40.925179]}},{"type":"Feature","properties":{"Name":"Shaker Mountain Barbeque","Phone Number":"518-794-7427","Address":"9 Tilden Rd","City":"New Lebanon","State":"NY","Country":"USA","Average_Rating":4.3},"geometry":{"type":"Point","coordinates":[-73.393931,42.465932]}},{"type":"Feature","properties":{"Name":"Mighty Quinn's Barbecue","Phone Number":"212-244-0002","Address":"225 Liberty St","City":"New York","State":"NY","Country":"USA","Average_Rating":4.1},"geometry":{"type":"Point","coordinates":[-74.015265,40.711984]}},{"type":"Feature","properties":{"Name":"Route 66 Smokehouse","Phone Number":"212-943-1602","Address":"46 Stone St","City":"New York","State":"NY","Country":"USA","Average_Rating":4.1},"geometry":{"type":"Point","coordinates":[-74.010485,40.704177]}},{"type":"Feature","properties":{"Name":"Cowgirl","Phone Number":"212-633-1133","Address":"519 Hudson St","City":"New York","State":"NY","Country":"USA","Average_Rating":4.3},"geometry":{"type":"Point","coordinates":[-74.006606,40.733932]}},{"type":"Feature","properties":{"Name":"Mighty Quinns Barbecue","Phone Number":"646-524-7889","Address":"75 Greenwich Ave","City":"New York","State":"NY","Country":"USA","Average_Rating":4.3},"geometry":{"type":"Point","coordinates":[-74.001433,40.736707]}},{"type":"Feature","properties":{"Name":"Dallas BBQ","Phone Number":"212-462-0001","Address":"261 8th Ave","City":"New York","State":"NY","Country":"USA","Average_Rating":4.1},"geometry":{"type":"Point","coordinates":[-73.998537,40.745628]}},{"type":"Feature","properties":{"Name":"Daisy May's BBQ USA","Phone Number":"212-977-1500","Address":"623 11th Ave","City":"New York","State":"NY","Country":"USA","Average_Rating":4.2},"geometry":{"type":"Point","coordinates":[-73.996749,40.763359]}},{"type":"Feature","properties":{"Name":"Southern Hospitality BBQ","Phone Number":"212-265-1000","Address":"645 9th Ave","City":"New York","State":"NY","Country":"USA","Average_Rating":3.9},"geometry":{"type":"Point","coordinates":[-73.991377,40.760541]}},{"type":"Feature","properties":{"Name":"Hill Country BBQ","Phone Number":"212-255-4544","Address":"30 W 26th St","City":"New York","State":"NY","Country":"USA","Average_Rating":4.4},"geometry":{"type":"Point","coordinates":[-73.99048,40.744083]}},{"type":"Feature","properties":{"Name":"Hog Pit BBQ","Phone Number":"212-213-4871","Address":"37 W 26th St","City":"New York","State":"NY","Country":"USA","Average_Rating":4.4},"geometry":{"type":"Point","coordinates":[-73.990455,40.744572]}},{"type":"Feature","properties":{"Name":"Mighty Quinn's Barbecue","Phone Number":"212-677-3733","Address":"103 2nd Ave","City":"New York","State":"NY","Country":"USA","Average_Rating":4.3},"geometry":{"type":"Point","coordinates":[-73.988628,40.727569]}},{"type":"Feature","properties":{"Name":"Georgia's Eastside BBQ","Phone Number":"212-253-6280","Address":"192 Orchard St","City":"New York","State":"NY","Country":"USA","Average_Rating":""},"geometry":{"type":"Point","coordinates":[-73.98796,40.722149]}},{"type":"Feature","properties":{"Name":"Mexicue","Phone Number":"212-302-0385","Address":"1140 Broadway","City":"New York","State":"NY","Country":"USA","Average_Rating":4.3},"geometry":{"type":"Point","coordinates":[-73.988669,40.743936]}},{"type":"Feature","properties":{"Name":"Dallas BBQ","Phone Number":"212-221-9000","Address":"241 W 42nd St","City":"New York","State":"NY","Country":"USA","Average_Rating":4.2},"geometry":{"type":"Point","coordinates":[-73.988745,40.756992]}},{"type":"Feature","properties":{"Name":"Dallas BBQ","Phone Number":"212-777-5574","Address":"132 2nd Ave","City":"New York","State":"NY","Country":"USA","Average_Rating":4.2},"geometry":{"type":"Point","coordinates":[-73.987409,40.728635]}},{"type":"Feature","properties":{"Name":"Mexicue","Phone Number":"646-922-7289","Address":"225 5th Ave","City":"New York","State":"NY","Country":"USA","Average_Rating":4.4},"geometry":{"type":"Point","coordinates":[-73.987578,40.743594]}},{"type":"Feature","properties":{"Name":"Virgil's Real BBQ","Phone Number":"212-921-9494","Address":"152 W 44th St","City":"New York","State":"NY","Country":"USA","Average_Rating":4.3},"geometry":{"type":"Point","coordinates":[-73.985084,40.756809]}},{"type":"Feature","properties":{"Name":"Mason Jar","Phone Number":"212-213-3587","Address":"43 E 30th St","City":"New York","State":"NY","Country":"USA","Average_Rating":4.3},"geometry":{"type":"Point","coordinates":[-73.983696,40.744902]}},{"type":"Feature","properties":{"Name":"Waterfront Ale House","Phone Number":"212-696-4104","Address":"540 2nd Ave","City":"New York","State":"NY","Country":"USA","Average_Rating":4.2},"geometry":{"type":"Point","coordinates":[-73.977536,40.742056]}},{"type":"Feature","properties":{"Name":"Johnny Utah's","Phone Number":"212-265-8824","Address":"25 W 51st St","City":"New York","State":"NY","Country":"USA","Average_Rating":3.9},"geometry":{"type":"Point","coordinates":[-73.978276,40.759958]}},{"type":"Feature","properties":{"Name":"Dallas BBQ","Phone Number":"212-772-9393","Address":"1265 3rd Ave","City":"New York","State":"NY","Country":"USA","Average_Rating":4.2},"geometry":{"type":"Point","coordinates":[-73.95989,40.770089]}},{"type":"Feature","properties":{"Name":"Dinosaur Bar-B-Que","Phone Number":"212-694-1777","Address":"646 W 131st St","City":"New York","State":"NY","Country":"USA","Average_Rating":4.4},"geometry":{"type":"Point","coordinates":[-73.95968,40.818719]}},{"type":"Feature","properties":{"Name":"Brother Jimmy's BBQ","Phone Number":"212-288-0999","Address":"1485 2nd Ave","City":"New York","State":"NY","Country":"USA","Average_Rating":3.5},"geometry":{"type":"Point","coordinates":[-73.9561,40.772344]}},{"type":"Feature","properties":{"Name":"MexiBBQ","Phone Number":"212-837-8285","Address":"1633 2nd Ave","City":"New York","State":"NY","Country":"USA","Average_Rating":3.4},"geometry":{"type":"Point","coordinates":[-73.952592,40.777205]}},{"type":"Feature","properties":{"Name":"Harlem Bar-B-Q","Phone Number":"212-222-1922","Address":"2367 Frederick Douglass Blvd","City":"New York","State":"NY","Country":"USA","Average_Rating":4.1},"geometry":{"type":"Point","coordinates":[-73.950426,40.811702]}},{"type":"Feature","properties":{"Name":"Harlem Bar-B-Q","Phone Number":"917-262-0990","Address":"547 Lenox Ave","City":"New York","State":"NY","Country":"USA","Average_Rating":3.8},"geometry":{"type":"Point","coordinates":[-73.939786,40.815736]}},{"type":"Feature","properties":{"Name":"Dallas BBQ","Phone Number":"212-568-3700","Address":"3956 Broadway","City":"New York","State":"NY","Country":"USA","Average_Rating":4.1},"geometry":{"type":"Point","coordinates":[-73.940401,40.839561]}},{"type":"Feature","properties":{"Name":"Harley's Smokeshack","Phone Number":"212-828-6723","Address":"355 E 116th St","City":"New York","State":"NY","Country":"USA","Average_Rating":4.1},"geometry":{"type":"Point","coordinates":[-73.935675,40.796422]}},{"type":"Feature","properties":{"Name":"Mighty Quinn's BBQ","Phone Number":"646-484-5691","Address":"1492 2nd Ave","City":"New York","State":"NY","Country":"USA","Average_Rating":4.3},"geometry":{"type":"Point","coordinates":[-73.955461,40.772324]}},{"type":"Feature","properties":{"Name":"Fat Pig","Phone Number":"646-490-4555","Address":"120 Dyckman Street","City":"New York","State":"NY","Country":"USA","Average_Rating":4.3},"geometry":{"type":"Point","coordinates":[-73.925422,40.862186]}},{"type":"Feature","properties":{"Name":"Mighty Quinns Barbeque","Phone Number":"646-719-1644","Address":"1407 Broadway","City":"New York","State":"NY","Country":"USA","Average_Rating":4.4},"geometry":{"type":"Point","coordinates":[-73.987382,40.753316]}},{"type":"Feature","properties":{"Name":"Jax BBQ","Phone Number":"","Address":"496 Ninth Avenue","City":"New York","State":"NY","Country":"USA","Average_Rating":4},"geometry":{"type":"Point","coordinates":[-73.994412,40.755578]}},{"type":"Feature","properties":{"Name":"Billy Joe's Ribworks","Phone Number":"845-565-1560","Address":"26 Front St","City":"Newburgh","State":"NY","Country":"USA","Average_Rating":4.3},"geometry":{"type":"Point","coordinates":[-74.00518,41.50216]}},{"type":"Feature","properties":{"Name":"Handsome Devil","Phone Number":"845-943-7003","Address":"21 Lakeside Rd","City":"Newburgh","State":"NY","Country":"USA","Average_Rating":3.8},"geometry":{"type":"Point","coordinates":[-74.107801,41.52455]}},{"type":"Feature","properties":{"Name":"Peach Lake Market & Barbeque","Phone Number":"914-485-1510","Address":"1 Dingle Ridge","City":"North Salem","State":"NY","Country":"USA","Average_Rating":4.5},"geometry":{"type":"Point","coordinates":[-73.567991,41.353742]}},{"type":"Feature","properties":{"Name":"Macadoo's Grille","Phone Number":"631-754-4442","Address":"847 Fort Salonga Rd","City":"Northport","State":"NY","Country":"USA","Average_Rating":4.6},"geometry":{"type":"Point","coordinates":[-73.328281,40.899877]}},{"type":"Feature","properties":{"Name":"Brooks' House of Bar-B-Q Closed on Mondays","Phone Number":"800-498-2445","Address":"5560 State Highway 7","City":"Oneonta","State":"NY","Country":"USA","Average_Rating":4.3},"geometry":{"type":"Point","coordinates":[-75.017343,42.460846]}},{"type":"Feature","properties":{"Name":"Bobbique","Phone Number":"631-447-7744","Address":"70 W Main St","City":"Patchogue","State":"NY","Country":"USA","Average_Rating":4.3},"geometry":{"type":"Point","coordinates":[-73.016851,40.765531]}},{"type":"Feature","properties":{"Name":"Q Restaurant and Bar","Phone Number":"914-933-7427","Address":"112 N Main St","City":"Port Chester","State":"NY","Country":"USA","Average_Rating":4.3},"geometry":{"type":"Point","coordinates":[-73.662424,41.002158]}},{"type":"Feature","properties":{"Name":"L.I. Pour House Bar & Grill","Phone Number":"631-509-1914","Address":"650 Route 112","City":"Port Jefferson","State":"NY","Country":"USA","Average_Rating":4},"geometry":{"type":"Point","coordinates":[-73.050094,40.927132]}},{"type":"Feature","properties":{"Name":"Smoke Shack Blues","Phone Number":"631-438-6797","Address":"138 Main St","City":"Port Jefferson","State":"NY","Country":"USA","Average_Rating":5},"geometry":{"type":"Point","coordinates":[-73.068565,40.945497]}},{"type":"Feature","properties":{"Name":"harbor Q","Phone Number":"516-883-4227","Address":"84 Old Shore Rd","City":"Port Washington","State":"NY","Country":"USA","Average_Rating":4.7},"geometry":{"type":"Point","coordinates":[-73.703691,40.839382]}},{"type":"Feature","properties":{"Name":"Hickory's BBQ Grill","Phone Number":"516-883-3463","Address":"674 Port Washington Blvd","City":"Port Washington","State":"NY","Country":"USA","Average_Rating":4.4},"geometry":{"type":"Point","coordinates":[-73.683128,40.825919]}},{"type":"Feature","properties":{"Name":"Billy Bob's BBQ","Phone Number":"845-471-7870","Address":"35 Fairmont Ave","City":"Poughkeepsie","State":"NY","Country":"USA","Average_Rating":""},"geometry":{"type":"Point","coordinates":[-73.897192,41.691823]}},{"type":"Feature","properties":{"Name":"Streaking Moose BBQ","Phone Number":"518-409-8855","Address":"990 Route 149","City":"Queensbury","State":"NY","Country":"USA","Average_Rating":4.4},"geometry":{"type":"Point","coordinates":[-73.620903,43.396936]}},{"type":"Feature","properties":{"Name":"Tail O'the Pup","Phone Number":"518-891-0777","Address":"1152 Route 86","City":"Ray Brook","State":"NY","Country":"USA","Average_Rating":3.7},"geometry":{"type":"Point","coordinates":[-74.076111,44.298621]}},{"type":"Feature","properties":{"Name":"Max's Memphis BBQ","Phone Number":"914-758-6297","Address":"136 S Broadway","City":"Red Hook","State":"NY","Country":"USA","Average_Rating":3.5},"geometry":{"type":"Point","coordinates":[-73.881361,41.986579]}},{"type":"Feature","properties":{"Name":"Dallas BBQ","Phone Number":"718-592-9000","Address":"61-35 Junction Blvd","City":"Rego Park","State":"NY","Country":"USA","Average_Rating":4.1},"geometry":{"type":"Point","coordinates":[-73.86333,40.732627]}},{"type":"Feature","properties":{"Name":"Smoky Rock BBQ","Phone Number":"845-876-5232","Address":"6367 Mill St","City":"Rhinebeck","State":"NY","Country":"USA","Average_Rating":4.5},"geometry":{"type":"Point","coordinates":[-73.912876,41.925546]}},{"type":"Feature","properties":{"Name":"Maple Tree BBQ","Phone Number":"631-727-2819","Address":"820 W Main St","City":"Riverhead","State":"NY","Country":"USA","Average_Rating":4.6},"geometry":{"type":"Point","coordinates":[-72.676725,40.918154]}},{"type":"Feature","properties":{"Name":"Spicy's BBQ","Phone Number":"631-727-2781","Address":"225 W Main St","City":"Riverhead","State":"NY","Country":"USA","Average_Rating":4.7},"geometry":{"type":"Point","coordinates":[-72.666101,40.91707]}},{"type":"Feature","properties":{"Name":"Joe's Garage and Grill","Phone Number":"631-591-3330","Address":"40 Peconic Ave","City":"Riverhead","State":"NY","Country":"USA","Average_Rating":3.6},"geometry":{"type":"Point","coordinates":[-72.662165,40.916393]}},{"type":"Feature","properties":{"Name":"Dinosaur BBQ - Rochester","Phone Number":"","Address":"99 Court St","City":"Rochester","State":"NY","Country":"USA","Average_Rating":4.6},"geometry":{"type":"Point","coordinates":[-77.608153,43.153606]}},{"type":"Feature","properties":{"Name":"The Pig & Queen","Phone Number":"516-690-6655","Address":"201 Sunrise Hwy","City":"Rockville Centre","State":"NY","Country":"USA","Average_Rating":4.2},"geometry":{"type":"Point","coordinates":[-73.647559,40.657765]}},{"type":"Feature","properties":{"Name":"Fatty Beltbuckles","Phone Number":"631-403-4058","Address":"49 Rt-25A","City":"Rocky Point","State":"NY","Country":"USA","Average_Rating":""},"geometry":{"type":"Point","coordinates":[-72.959583,40.946244]}},{"type":"Feature","properties":{"Name":"Townline BBQ","Phone Number":"631-537-2271","Address":"3593 Montauk Hwy","City":"Sagaponack","State":"NY","Country":"USA","Average_Rating":4.3},"geometry":{"type":"Point","coordinates":[-72.270512,40.943219]}},{"type":"Feature","properties":{"Name":"Fireside BBQ & Grill","Phone Number":"845-266-3440","Address":"1920 Salt Point Trnpk","City":"Salt Point","State":"NY","Country":"USA","Average_Rating":4.5},"geometry":{"type":"Point","coordinates":[-73.793116,41.807374]}},{"type":"Feature","properties":{"Name":"PJ's Bar-B-QSA","Phone Number":"518-583-7427","Address":"1 Kaydeross Ave W","City":"Saratoga Springs","State":"NY","Country":"USA","Average_Rating":4.5},"geometry":{"type":"Point","coordinates":[-73.790275,43.042546]}},{"type":"Feature","properties":{"Name":"'Cue (Seasonal)","Phone Number":"845-246-4283","Address":"136 Partition St","City":"Saugerties","State":"NY","Country":"USA","Average_Rating":5},"geometry":{"type":"Point","coordinates":[-73.952048,42.076546]}},{"type":"Feature","properties":{"Name":"Wagon Train BBQ","Phone Number":"518-356-0650","Address":"671 Mariaville Rd","City":"Schenectady","State":"NY","Country":"USA","Average_Rating":4.5},"geometry":{"type":"Point","coordinates":[-74.005319,42.794676]}},{"type":"Feature","properties":{"Name":"Barbaque More","Phone Number":"518-346-7447","Address":"1599 Union St","City":"Schenectady","State":"NY","Country":"USA","Average_Rating":4.5},"geometry":{"type":"Point","coordinates":[-73.906042,42.805516]}},{"type":"Feature","properties":{"Name":"The Memphis King","Phone Number":"518-372-5464","Address":"1902 Van Vranken Ave","City":"Schenectady","State":"NY","Country":"USA","Average_Rating":4.7},"geometry":{"type":"Point","coordinates":[-73.921646,42.827186]}},{"type":"Feature","properties":{"Name":"The Crispy Pig","Phone Number":"516-801-3250","Address":"243 Glen Cove Ave","City":"Sea Cliff","State":"NY","Country":"USA","Average_Rating":4.2},"geometry":{"type":"Point","coordinates":[-73.635976,40.846251]}},{"type":"Feature","properties":{"Name":"Bob-B-Q's","Phone Number":"914-214-8239","Address":"958 E Main St","City":"Shrub Oak","State":"NY","Country":"USA","Average_Rating":4.3},"geometry":{"type":"Point","coordinates":[-73.822672,41.330394]}},{"type":"Feature","properties":{"Name":"Bridge View Tavern","Phone Number":"914-332-0078","Address":"226 Beekman Ave","City":"Sleepy Hollow","State":"NY","Country":"USA","Average_Rating":4.6},"geometry":{"type":"Point","coordinates":[-73.86788,41.082295]}},{"type":"Feature","properties":{"Name":"Smoke BBQ Pit","Phone Number":"718-341-6100","Address":"129-21 Merrick Blvd","City":"Springfield Gardens","State":"NY","Country":"USA","Average_Rating":3.9},"geometry":{"type":"Point","coordinates":[-73.763334,40.680843]}},{"type":"Feature","properties":{"Name":"Daddy O's BBQ & Sports Bar","Phone Number":"718-948-3333","Address":"35 Androvette St","City":"Staten Island","State":"NY","Country":"USA","Average_Rating":4},"geometry":{"type":"Point","coordinates":[-74.237163,40.535099]}},{"type":"Feature","properties":{"Name":"Daddy O's BBQ & Sports Bar","Phone Number":"718-948-3333","Address":"181 Bay Street","City":"Staten Island","State":"NY","Country":"USA","Average_Rating":4},"geometry":{"type":"Point","coordinates":[-74.075702,40.63734]}},{"type":"Feature","properties":{"Name":"Craft House","Phone Number":"718-442-3433","Address":"60 Van Duzer Street","City":"Staten Island","State":"NY","Country":"USA","Average_Rating":4.5},"geometry":{"type":"Point","coordinates":[-74.077541,40.636414]}},{"type":"Feature","properties":{"Name":"Surf","Phone Number":"718-273-2701","Address":"37 Navy Pier Court","City":"Staten Island","State":"NY","Country":"USA","Average_Rating":4.4},"geometry":{"type":"Point","coordinates":[-74.073821,40.628931]}},{"type":"Feature","properties":{"Name":"Fink's BBQ Smokehouse","Phone Number":"845-533-4033","Address":"32 Orange Avenue","City":"Suffern","State":"NY","Country":"USA","Average_Rating":4.5},"geometry":{"type":"Point","coordinates":[-74.158588,41.12005]}},{"type":"Feature","properties":{"Name":"Mara'a Homemade","Phone Number":"516-682-9200","Address":"236 W Jericho Trnpk","City":"Syosset","State":"NY","Country":"USA","Average_Rating":5},"geometry":{"type":"Point","coordinates":[-73.52103,40.805355]}},{"type":"Feature","properties":{"Name":"Dinosaur BBQ - Syracuse","Phone Number":"","Address":"246 W Willow St","City":"Syracuse","State":"NY","Country":"USA","Average_Rating":4.6},"geometry":{"type":"Point","coordinates":[-76.154522,43.052398]}},{"type":"Feature","properties":{"Name":"American Glory BBQ","Phone Number":"518-244-8900","Address":"6033 Main St","City":"Tannersville","State":"NY","Country":"USA","Average_Rating":3.9},"geometry":{"type":"Point","coordinates":[-74.134569,42.19539]}},{"type":"Feature","properties":{"Name":"Pik Nik Barbecue Restaurant","Phone Number":"914-631-5600","Address":"45 Main St","City":"Tarrytown","State":"NY","Country":"USA","Average_Rating":4.4},"geometry":{"type":"Point","coordinates":[-73.860356,41.076726]}},{"type":"Feature","properties":{"Name":"Dinosaur Bar-B-Que","Phone Number":"518-308-0400","Address":"377 River St","City":"Troy","State":"NY","Country":"USA","Average_Rating":4.5},"geometry":{"type":"Point","coordinates":[-73.689254,42.734618]}},{"type":"Feature","properties":{"Name":"Brunswick Barbecue & Brew","Phone Number":"518-279-9993","Address":"3925 State Highway 2","City":"Troy","State":"NY","Country":"USA","Average_Rating":4.5},"geometry":{"type":"Point","coordinates":[-73.563187,42.749065]}},{"type":"Feature","properties":{"Name":"Bronx BBQ","Phone Number":"516-256-2049","Address":"694 W Sunrise Hwy","City":"Valley Stream","State":"NY","Country":"USA","Average_Rating":4.2},"geometry":{"type":"Point","coordinates":[-73.670444,40.655167]}},{"type":"Feature","properties":{"Name":"North Form Bacon","Phone Number":"631-886-2220","Address":"1 Sound Rd","City":"Wading River","State":"NY","Country":"USA","Average_Rating":""},"geometry":{"type":"Point","coordinates":[-72.851015,40.954907]}},{"type":"Feature","properties":{"Name":"Elsie's Place","Phone Number":"845-895-8975","Address":"1475 Route 208","City":"Walkill","State":"NY","Country":"USA","Average_Rating":4.5},"geometry":{"type":"Point","coordinates":[-74.164913,41.604816]}},{"type":"Feature","properties":{"Name":"One Block East","Phone Number":"516-785-5300","Address":"3261 Merrick Rd","City":"Wantagh","State":"NY","Country":"USA","Average_Rating":4.4},"geometry":{"type":"Point","coordinates":[-73.509833,40.66482]}},{"type":"Feature","properties":{"Name":"Bubba's BBQ (Seasonal)","Phone Number":"845-583-4333","Address":"1568 Route 17B","City":"White Lake","State":"NY","Country":"USA","Average_Rating":3.7},"geometry":{"type":"Point","coordinates":[-74.836252,41.674019]}},{"type":"Feature","properties":{"Name":"Ribs on the Run","Phone Number":"914-428-7427","Address":"396 Central Park Ave","City":"White Plains","State":"NY","Country":"USA","Average_Rating":4.2},"geometry":{"type":"Point","coordinates":[-73.809876,41.007787]}},{"type":"Feature","properties":{"Name":"Brother Jimmy's","Phone Number":"914-358-4881","Address":"147 Mamaroneck Ave","City":"White Plains","State":"NY","Country":"USA","Average_Rating":4.6},"geometry":{"type":"Point","coordinates":[-73.764841,41.029162]}},{"type":"Feature","properties":{"Name":"Johnny's Family Smokehouse","Phone Number":"518-963-7427","Address":"3873 Route 22","City":"Willsboro","State":"NY","Country":"USA","Average_Rating":4.6},"geometry":{"type":"Point","coordinates":[-73.3955,44.368243]}},{"type":"Feature","properties":{"Name":"Big W's Roadside Bar-B-Q","Phone Number":"845-832-6200","Address":"1475 Route 22","City":"Wingdale","State":"NY","Country":"USA","Average_Rating":4.7},"geometry":{"type":"Point","coordinates":[-73.574622,41.627014]}},{"type":"Feature","properties":{"Name":"Blazing Bills","Phone Number":"440-834-1111","Address":"12891 Main Market Rd","City":"Burton","State":"OH","Country":"USA","Average_Rating":4.3},"geometry":{"type":"Point","coordinates":[-81.17734,41.386802]}},{"type":"Feature","properties":{"Name":"Big Art's BBQ","Phone Number":"513-825-4811","Address":"2796 Struble Rd","City":"Cincinnati","State":"OH","Country":"USA","Average_Rating":""},"geometry":{"type":"Point","coordinates":[-84.2638,39.2638]}},{"type":"Feature","properties":{"Name":"Montgomery Inn","Phone Number":"513-791-3482","Address":"9440 Montgomery Rd","City":"Cincinnati","State":"OH","Country":"USA","Average_Rating":4.4},"geometry":{"type":"Point","coordinates":[-84.3543,39.2273]}},{"type":"Feature","properties":{"Name":"Burbank's Real Bar-BQ","Phone Number":"513-771-1440","Address":"11167 Dowlin Dr","City":"Cincinnati","State":"OH","Country":"USA","Average_Rating":4.1},"geometry":{"type":"Point","coordinates":[-84.4379,39.2737]}},{"type":"Feature","properties":{"Name":"Goodies Barbecue Restaurant","Phone Number":"513-542-4663","Address":"5841 Hamilton Ave","City":"Cincinnati","State":"OH","Country":"USA","Average_Rating":4.6},"geometry":{"type":"Point","coordinates":[-84.546,39.1976]}},{"type":"Feature","properties":{"Name":"Montgomery Inn Boathouse","Phone Number":"513-721-7427","Address":"925 Riverside Dr","City":"Cincinnati","State":"OH","Country":"USA","Average_Rating":4.4},"geometry":{"type":"Point","coordinates":[-84.4946,39.1047]}},{"type":"Feature","properties":{"Name":"Walt's Barbeque","Phone Number":"513-923-9800","Address":"6040 Colerain Ave","City":"Cincinnati","State":"OH","Country":"USA","Average_Rating":3.6},"geometry":{"type":"Point","coordinates":[-84.5811,39.2033]}},{"type":"Feature","properties":{"Name":"Hot Sauce Williams Barbecue - Lee Rd","Phone Number":"216-921-4704","Address":"3770 Lee Rd","City":"Cleveland","State":"OH","Country":"USA","Average_Rating":3.9},"geometry":{"type":"Point","coordinates":[-81.565358,41.456892]}},{"type":"Feature","properties":{"Name":"Hot Sauce Williams Barbecue - Carnegie Ave","Phone Number":"216-391-2230","Address":"7815 Carnegie Ave","City":"Cleveland","State":"OH","Country":"USA","Average_Rating":3.6},"geometry":{"type":"Point","coordinates":[-81.633955,41.502046]}},{"type":"Feature","properties":{"Name":"Hot Sauce Williams Barbecue - Superior Ave","Phone Number":"216-249-0710","Address":"12310 Superior Ave","City":"Cleveland","State":"OH","Country":"USA","Average_Rating":5},"geometry":{"type":"Point","coordinates":[-81.600401,41.523051]}},{"type":"Feature","properties":{"Name":"Holy Smoke BBQ Inside North Market","Phone Number":"614-223-0322","Address":"59 Spruce St","City":"Columbus","State":"OH","Country":"USA","Average_Rating":4.7},"geometry":{"type":"Point","coordinates":[-83.004359,39.9723]}},{"type":"Feature","properties":{"Name":"Tony's Restaurant and Pub","Phone Number":"419-424-3100","Address":"10280 US Rte-224 W","City":"Findlay","State":"OH","Country":"USA","Average_Rating":4.5},"geometry":{"type":"Point","coordinates":[-83.682939,41.059431]}},{"type":"Feature","properties":{"Name":"Cincy's Flying Pig BBQ Formerly Landon Smokehouse","Phone Number":"513-683-3500","Address":"3209 US 22 & 3","City":"Loveland","State":"OH","Country":"USA","Average_Rating":3.6},"geometry":{"type":"Point","coordinates":[-84.280195,39.305603]}},{"type":"Feature","properties":{"Name":"Lagerheads Smoked and BBQ ribs and chicken to die for. Awesome carrot cake for dessert and phenominal Microbrews","Phone Number":"","Address":"2832 Abbeyville Rd","City":"Medina","State":"OH","Country":"USA","Average_Rating":4.6},"geometry":{"type":"Point","coordinates":[-81.887052,41.19717]}},{"type":"Feature","properties":{"Name":"Baumbach's Pit Bar-B-Que & Grill","Phone Number":"937-437-8151","Address":"617 S Washington St","City":"New Pris","State":"OH","Country":"USA","Average_Rating":3.6},"geometry":{"type":"Point","coordinates":[-84.79265,39.850267]}},{"type":"Feature","properties":{"Name":"Roy?s Bar-B-Que","Phone Number":"405-224-9843","Address":"309 W. Missouri Ave","City":"Chickasha","State":"OK","Country":"USA","Average_Rating":4.4},"geometry":{"type":"Point","coordinates":[-97.935932,35.038967]}},{"type":"Feature","properties":{"Name":"Jake's Rib","Phone Number":"405-222-2825","Address":"100 Ponderosa","City":"Chickisha","State":"OK","Country":"USA","Average_Rating":4.3},"geometry":{"type":"Point","coordinates":[-97.932085,35.021865]}},{"type":"Feature","properties":{"Name":"Leo's Bar-B-Q","Phone Number":"405-424-5367","Address":"3631 N Kelley Ave","City":"Oklahoma City","State":"OK","Country":"USA","Average_Rating":4.3},"geometry":{"type":"Point","coordinates":[-97.494607,35.507426]}},{"type":"Feature","properties":{"Name":"Bad Brad?s Bar-B-Q Joint","Phone Number":"405-377-4141","Address":"3317 E 6th Ave","City":"Stillwater","State":"OK","Country":"USA","Average_Rating":4.3},"geometry":{"type":"Point","coordinates":[-97.01838,36.11618]}},{"type":"Feature","properties":{"Name":"Goldsby Store Valero gas station at the intersection of I35 and HWY 74","Phone Number":"405-288-0658","Address":"434 W Interstate Dr","City":"Washington","State":"OK","Country":"USA","Average_Rating":4.4},"geometry":{"type":"Point","coordinates":[-97.4824681,35.1587515]}},{"type":"Feature","properties":{"Name":"J & J Steak And Burger They have homemade halibut; steaks; burgers; souvlaki; fries.","Phone Number":"905-72-6746","Address":"8 Elgin St E","City":"Coburg","State":"ON","Country":"CAN","Average_Rating":4.6},"geometry":{"type":"Point","coordinates":[-78.171112,43.977881]}},{"type":"Feature","properties":{"Name":"Lancaster Smokehouse Open Monday - Saturday at 11am","Phone Number":"519-743-4331","Address":"574 Lancaster Street W","City":"Kitchner","State":"ON","Country":"CAN","Average_Rating":4.6},"geometry":{"type":"Point","coordinates":[-80.484343,43.479703]}},{"type":"Feature","properties":{"Name":"Blue Sage Gourmet Eatery","Phone Number":"905-212-1441","Address":"2-980 Eglinton Ave E","City":"Mississauga","State":"ON","Country":"CAN","Average_Rating":2.7},"geometry":{"type":"Point","coordinates":[-79.62969,43.62729]}},{"type":"Feature","properties":{"Name":"The Stockyards Smoke House & Larder","Phone Number":"416-658-9666","Address":"699 Saint Clair Ave W","City":"Toronto","State":"ON","Country":"CAN","Average_Rating":4.3},"geometry":{"type":"Point","coordinates":[-79.42628,43.68148]}},{"type":"Feature","properties":{"Name":"Highway 61 Southern Barbeque","Phone Number":"416-489-7427","Address":"1620 Bayview Ave","City":"Toronto","State":"ON","Country":"CAN","Average_Rating":4.8},"geometry":{"type":"Point","coordinates":[-79.37548,43.7065]}},{"type":"Feature","properties":{"Name":"Southern RUB Smokehouse","Phone Number":"905-264-1300","Address":"4555 Hwy 7","City":"Vaughan","State":"ON","Country":"CAN","Average_Rating":4.3},"geometry":{"type":"Point","coordinates":[-79.57478,43.78363]}},{"type":"Feature","properties":{"Name":"Hog Tails Southern Pit Bar B Que Monday - Wednesday 11am - 7pm Thursday - Saturday 11am - 8pm Sunday - Closed","Phone Number":"519-888-9911","Address":"645 Laurelwood Dr","City":"Waterloo","State":"ON","Country":"CAN","Average_Rating":""},"geometry":{"type":"Point","coordinates":[-80.594135,43.470497]}},{"type":"Feature","properties":{"Name":"Paul & Sandy's Real Barbecue","Phone Number":"416-233-7032","Address":"4925 Dundas St","City":"West Toronto","State":"ON","Country":"CAN","Average_Rating":4.2},"geometry":{"type":"Point","coordinates":[-79.528874,43.648533]}},{"type":"Feature","properties":{"Name":"Mad Michael's Restaurant & Bakery","Phone Number":"705-527-1666","Address":"8215 Highway 93","City":"Weybridge","State":"ON","Country":"CAN","Average_Rating":4.5},"geometry":{"type":"Point","coordinates":[-79.88248,44.69425]}},{"type":"Feature","properties":{"Name":"Memphis BBQ & Wicked Wings","Phone Number":"905-265-9003","Address":"8074 Islington Ave","City":"Woodbridge","State":"ON","Country":"CAN","Average_Rating":4.7},"geometry":{"type":"Point","coordinates":[-79.5866,43.78945]}},{"type":"Feature","properties":{"Name":"Dukes BBQ PIT","Phone Number":"503-597-3800","Address":"20159 SW Tualatin Valley Hwy","City":"Aloha","State":"OR","Country":"USA","Average_Rating":2.7},"geometry":{"type":"Point","coordinates":[-122.8845,45.496]}},{"type":"Feature","properties":{"Name":"Buster's Texas Style Barbecue - Gresham","Phone Number":"503-667-4811","Address":"1355 NE Burnside","City":"Gresham","State":"OR","Country":"USA","Average_Rating":4.1},"geometry":{"type":"Point","coordinates":[-122.418,45.5058]}},{"type":"Feature","properties":{"Name":"Buster's Texas Style Barbecue - Milwaukie","Phone Number":"503-652-1076","Address":"17883 SE McLoughlin","City":"Milwaukie","State":"OR","Country":"USA","Average_Rating":4.3},"geometry":{"type":"Point","coordinates":[-122.634,45.4281]}},{"type":"Feature","properties":{"Name":"Apple Valley BBQ","Phone Number":"541-352-3554","Address":"4956 Baseline Dr","City":"Parksdale","State":"OR","Country":"USA","Average_Rating":4.5},"geometry":{"type":"Point","coordinates":[-121.5958,45.51976]}},{"type":"Feature","properties":{"Name":"Podnah's BBQ","Phone Number":"503-281-3700","Address":"1625 NE Killingsworth St","City":"Portland","State":"OR","Country":"USA","Average_Rating":4.4},"geometry":{"type":"Point","coordinates":[-122.64825,45.5628]}},{"type":"Feature","properties":{"Name":"Reo's Ribs","Phone Number":"503-310-3600","Address":"2684 NW Vaughn St","City":"Portland","State":"OR","Country":"USA","Average_Rating":""},"geometry":{"type":"Point","coordinates":[-122.706672,45.536659]}},{"type":"Feature","properties":{"Name":"Delicious Texas Pit BBQ & Catering","Phone Number":"503-292-2724","Address":"6750 SW Beaverton Hillsdale Hwy","City":"Portland","State":"OR","Country":"USA","Average_Rating":4.4},"geometry":{"type":"Point","coordinates":[-122.808686,45.493673]}},{"type":"Feature","properties":{"Name":"Buster's Texas Style Barbecue - Salem","Phone Number":"503-779-2777","Address":"2840 Commercial St. SE","City":"Salem","State":"OR","Country":"USA","Average_Rating":4.3},"geometry":{"type":"Point","coordinates":[-123.045,44.9136]}},{"type":"Feature","properties":{"Name":"Buster's Texas Style Barbecue - Tigard","Phone Number":"503-452-8384","Address":"11419 SW Pacific Hwy","City":"Tigard","State":"OR","Country":"USA","Average_Rating":4.3},"geometry":{"type":"Point","coordinates":[-122.744,45.4433]}},{"type":"Feature","properties":{"Name":"Grumpy's Bar B Que Roadhouse","Phone Number":"610-769-4600","Address":"3000 Mauch Chunk Rd","City":"Allentown","State":"PA","Country":"USA","Average_Rating":4.5},"geometry":{"type":"Point","coordinates":[-75.537,40.649729]}},{"type":"Feature","properties":{"Name":"Clem's Cafe","Phone Number":"724-459-8334","Address":"Rt. 22 W","City":"Blairsville","State":"PA","Country":"USA","Average_Rating":4.6},"geometry":{"type":"Point","coordinates":[-79.256204,40.440382]}},{"type":"Feature","properties":{"Name":"Crazy Jakes' BBQ Pit","Phone Number":"610-250-8836","Address":"2527 Freemansburg Ave","City":"Easton","State":"PA","Country":"USA","Average_Rating":4.2},"geometry":{"type":"Point","coordinates":[-75.246982,40.674712]}},{"type":"Feature","properties":{"Name":"Blooming Glen Pork & Catering","Phone Number":"215-257-2710","Address":"1248 SR-113","City":"Perkasie","State":"PA","Country":"USA","Average_Rating":4.9},"geometry":{"type":"Point","coordinates":[-75.25315,40.366967]}},{"type":"Feature","properties":{"Name":"Hen & Hog","Phone Number":"267-347-4236","Address":"95 S West End Blvd","City":"Quakertown","State":"PA","Country":"USA","Average_Rating":4.7},"geometry":{"type":"Point","coordinates":[-75.35524,40.43847]}},{"type":"Feature","properties":{"Name":"Frontier BBQ","Phone Number":"","Address":"SR 116 at SR 16","City":"Zora","State":"PA","Country":"USA","Average_Rating":4.7},"geometry":{"type":"Point","coordinates":[-77.371092,39.735125]}},{"type":"Feature","properties":{"Name":"Aylmer Bar-B-Q","Phone Number":"819-684-4372","Address":"134 Rue Principale","City":"Gatineau","State":"QC","Country":"CAN","Average_Rating":3.6},"geometry":{"type":"Point","coordinates":[-75.842806,45.395036]}},{"type":"Feature","properties":{"Name":"Johnny's BBQ","Phone Number":"401-602-5198","Address":"417 Putnam Pike","City":"Chepachet","State":"RI","Country":"USA","Average_Rating":4.3},"geometry":{"type":"Point","coordinates":[-71.613031,41.895781]}},{"type":"Feature","properties":{"Name":"The Carolina Barbecue Company","Phone Number":"401-437-6350","Address":"1265 Reservoir Avenue","City":"Cranston","State":"RI","Country":"USA","Average_Rating":4.6},"geometry":{"type":"Point","coordinates":[-71.457965,41.767184]}},{"type":"Feature","properties":{"Name":"GottaQ BBQ","Phone Number":"401-766-4227","Address":"2000 Mendon Rd","City":"Cumberland","State":"RI","Country":"USA","Average_Rating":4.6},"geometry":{"type":"Point","coordinates":[-71.441452,41.949084]}},{"type":"Feature","properties":{"Name":"GottaQ BBQ","Phone Number":"401-766-4227","Address":"4120 Mendon Road","City":"Cumberland","State":"RI","Country":"USA","Average_Rating":4.6},"geometry":{"type":"Point","coordinates":[-71.479413,41.985121]}},{"type":"Feature","properties":{"Name":"The Pink Pig BBQ","Phone Number":"401-297-3258","Address":"35D Narragansett Ave","City":"Jamestown","State":"RI","Country":"USA","Average_Rating":4.3},"geometry":{"type":"Point","coordinates":[-71.369346,41.49598]}},{"type":"Feature","properties":{"Name":"Oak Hill Tavern","Phone Number":"401-294-3282","Address":"565 Tower Hill Rd. N","City":"Kingstown","State":"RI","Country":"USA","Average_Rating":4.2},"geometry":{"type":"Point","coordinates":[-71.465041,41.559465]}},{"type":"Feature","properties":{"Name":"Becky's BBQ","Phone Number":"401-841-9909","Address":"82 E Main Rd","City":"Middletown","State":"RI","Country":"USA","Average_Rating":4.5},"geometry":{"type":"Point","coordinates":[-71.298224,41.517723]}},{"type":"Feature","properties":{"Name":"Eddie's BBQ","Phone Number":"401-499-9337","Address":"1014 Boston Neck Rd","City":"Narragansett","State":"RI","Country":"USA","Average_Rating":4.4},"geometry":{"type":"Point","coordinates":[-71.437022,41.481632]}},{"type":"Feature","properties":{"Name":"Smoke House Cafe' (Seasonal)","Phone Number":"401-848-9800","Address":"31Scotts Wharf","City":"Newport","State":"RI","Country":"USA","Average_Rating":4.3},"geometry":{"type":"Point","coordinates":[-71.31548,41.485625]}},{"type":"Feature","properties":{"Name":"Binge BBQ","Phone Number":"401-619-3799","Address":"12 Broadway","City":"Newport","State":"RI","Country":"USA","Average_Rating":""},"geometry":{"type":"Point","coordinates":[-71.312971,41.490954]}},{"type":"Feature","properties":{"Name":"LJ's BBQ","Phone Number":"401-305-5255","Address":"727 East Ave","City":"Pawtucket","State":"RI","Country":"USA","Average_Rating":3.6},"geometry":{"type":"Point","coordinates":[-71.390394,41.858642]}},{"type":"Feature","properties":{"Name":"Wes' Rib House","Phone Number":"401-421-9090","Address":"38 Dike St","City":"Providence","State":"RI","Country":"USA","Average_Rating":3.6},"geometry":{"type":"Point","coordinates":[-71.44124,41.815157]}},{"type":"Feature","properties":{"Name":"Durk's Bar-B-Q","Phone Number":"401-351-2807","Address":"275 Thayer St","City":"Providence","State":"RI","Country":"USA","Average_Rating":4.3},"geometry":{"type":"Point","coordinates":[-71.400528,41.829477]}},{"type":"Feature","properties":{"Name":"Billy Hill's Roadhouse","Phone Number":"401-321-5422","Address":"1219 Main St","City":"Richmond","State":"RI","Country":"USA","Average_Rating":3.8},"geometry":{"type":"Point","coordinates":[-71.695354,41.512775]}},{"type":"Feature","properties":{"Name":"The Pink Pig BBQ","Phone Number":"401-297-3258","Address":"632 Metacom Ave","City":"Warren","State":"RI","Country":"USA","Average_Rating":""},"geometry":{"type":"Point","coordinates":[-71.268044,41.717417]}},{"type":"Feature","properties":{"Name":"Black Sheep Barbecue","Phone Number":"401-688-0522","Address":"1195 Main St","City":"Wyoming","State":"RI","Country":"USA","Average_Rating":4.6},"geometry":{"type":"Point","coordinates":[-71.698561,41.514023]}},{"type":"Feature","properties":{"Name":"Ron's Hog Pen BBQ","Phone Number":"864-578-6554","Address":"1926 Boiling Springs Rd","City":"Boiling Springs","State":"SC","Country":"USA","Average_Rating":4.3},"geometry":{"type":"Point","coordinates":[-81.954575,35.044333]}},{"type":"Feature","properties":{"Name":"Melvin's Legendary Bar-B-Que - Charleston","Phone Number":"843-762-0511","Address":"538 Folly Rd","City":"Charleston","State":"SC","Country":"USA","Average_Rating":4.3},"geometry":{"type":"Point","coordinates":[-79.972111,32.752849]}},{"type":"Feature","properties":{"Name":"Sims Bar-B-Que","Phone Number":"864-439-8929","Address":"165 W Main St","City":"Duncan","State":"SC","Country":"USA","Average_Rating":3.8},"geometry":{"type":"Point","coordinates":[-82.144861,34.942263]}},{"type":"Feature","properties":{"Name":"Mike & Jeffs BBQ","Phone Number":"","Address":"2401 Old Buncombe St","City":"Greenville","State":"SC","Country":"USA","Average_Rating":4.7},"geometry":{"type":"Point","coordinates":[-82.415704,34.877235]}},{"type":"Feature","properties":{"Name":"Henry's Smokehouse - Wade Hampton","Phone Number":"864-232-7774","Address":"240 Wade Hampton Blvd","City":"Greenville","State":"SC","Country":"USA","Average_Rating":4.5},"geometry":{"type":"Point","coordinates":[-82.384034,34.862975]}},{"type":"Feature","properties":{"Name":"Henry's Smokehouse - Woodruff","Phone Number":"864-213-9770","Address":"1842 Woodruff Rd","City":"Greenville","State":"SC","Country":"USA","Average_Rating":4.3},"geometry":{"type":"Point","coordinates":[-82.267824,34.819758]}},{"type":"Feature","properties":{"Name":"Scott's Bar-B-Que","Phone Number":"843-558-0134","Address":"2734 Hemingway Hwy","City":"Hemingway","State":"SC","Country":"USA","Average_Rating":4.6},"geometry":{"type":"Point","coordinates":[-79.475035,33.743331]}},{"type":"Feature","properties":{"Name":"Big Daddy Hawgs BBQ","Phone Number":"864-592-0810","Address":"4057 Highway 11","City":"Inman","State":"SC","Country":"USA","Average_Rating":1},"geometry":{"type":"Point","coordinates":[-81.984943,35.141621]}},{"type":"Feature","properties":{"Name":"Rick Fowler's Hogback Mountain BBQ","Phone Number":"864-472-4043","Address":"14180 Asheville Hwy","City":"Inman","State":"SC","Country":"USA","Average_Rating":4.1},"geometry":{"type":"Point","coordinates":[-82.12574,35.06415]}},{"type":"Feature","properties":{"Name":"The Hickory Hawg Ol time BBQ","Phone Number":"843-557-1121","Address":"2817 Maybank Hwy","City":"Johns Island","State":"SC","Country":"USA","Average_Rating":""},"geometry":{"type":"Point","coordinates":[-80.039142,32.742982]}},{"type":"Feature","properties":{"Name":"Melvin's Legendary Bar-B-Que - Mount Pleasant","Phone Number":"843-881-0549","Address":"925 Houston Northcutt Blvd","City":"Mount Pleasant","State":"SC","Country":"USA","Average_Rating":4.3},"geometry":{"type":"Point","coordinates":[-79.889714,32.801642]}},{"type":"Feature","properties":{"Name":"Duke's Barbeque","Phone Number":"843-871-6507","Address":"118 N. Railroad Ave","City":"Ridgeville","State":"SC","Country":"USA","Average_Rating":4.2},"geometry":{"type":"Point","coordinates":[-80.315214,33.095703]}},{"type":"Feature","properties":{"Name":"Schoolhouse BBQ open Thursday-Sunday only","Phone Number":"843-389-2020","Address":"2252 US Hwy-52","City":"Scranton","State":"SC","Country":"USA","Average_Rating":4.5},"geometry":{"type":"Point","coordinates":[-79.74603,33.92493]}},{"type":"Feature","properties":{"Name":"Henry's Smokehouse - Main","Phone Number":"864-967-0007","Address":"123 N Main","City":"Simpsonville","State":"SC","Country":"USA","Average_Rating":4.2},"geometry":{"type":"Point","coordinates":[-82.255441,34.737929]}},{"type":"Feature","properties":{"Name":"Dixie Outpost","Phone Number":"","Address":"3172 Highway 126","City":"Blountville","State":"TN","Country":"USA","Average_Rating":4.6},"geometry":{"type":"Point","coordinates":[-82.316753,36.535632]}},{"type":"Feature","properties":{"Name":"Bluff City Hickory BBQ Mon - Sat: 10:00 am - 8:00 pm Sun: 10:00 am - 6:00 am","Phone Number":"423-391-0700","Address":"5016 Bluff City Hwy","City":"Bluff City","State":"TN","Country":"USA","Average_Rating":""},"geometry":{"type":"Point","coordinates":[-82.281,36.454]}},{"type":"Feature","properties":{"Name":"Porker's BBQ","Phone Number":"423-267-2726","Address":"1251 Market St","City":"Chattanooga","State":"TN","Country":"USA","Average_Rating":4.2},"geometry":{"type":"Point","coordinates":[-85.308325,35.040733]}},{"type":"Feature","properties":{"Name":"Smoky's BBQ","Phone Number":"865-397-2272","Address":"149 E Main St","City":"Dandridge","State":"TN","Country":"USA","Average_Rating":""},"geometry":{"type":"Point","coordinates":[-83.4146,36.01525]}},{"type":"Feature","properties":{"Name":"Ridgewood BBQ","Phone Number":"423-538-7543","Address":"900 Elizabethton Hwy","City":"Elizabethton","State":"TN","Country":"USA","Average_Rating":4.6},"geometry":{"type":"Point","coordinates":[-82.26558,36.43402]}},{"type":"Feature","properties":{"Name":"Germantown Commisary","Phone Number":"901-754-5540","Address":"2290 S Germantown Rd","City":"Germantown","State":"TN","Country":"USA","Average_Rating":4.5},"geometry":{"type":"Point","coordinates":[-89.81049,35.08644]}},{"type":"Feature","properties":{"Name":"Joyners Jacks Creek Bar-Be-Que","Phone Number":"731-989-4140","Address":"10 State Route 22A N","City":"Jacks Creek","State":"TN","Country":"USA","Average_Rating":4.6},"geometry":{"type":"Point","coordinates":[-88.52038,35.472061]}},{"type":"Feature","properties":{"Name":"Firehouse BBQ Located in an old Firestation","Phone Number":"423-929-7377","Address":"627 West Walnut St","City":"Johnson City","State":"TN","Country":"USA","Average_Rating":4.6},"geometry":{"type":"Point","coordinates":[-82.35799,36.30984]}},{"type":"Feature","properties":{"Name":"Dead End BBQ","Phone Number":"865-212-5655","Address":"3621 Sutherland Ave","City":"Knoxville","State":"TN","Country":"USA","Average_Rating":4.4},"geometry":{"type":"Point","coordinates":[-83.979054,35.946808]}},{"type":"Feature","properties":{"Name":"M&M Catering","Phone Number":"865-692-1003","Address":"1031 Summerwood Dr","City":"Knoxville","State":"TN","Country":"USA","Average_Rating":4.6},"geometry":{"type":"Point","coordinates":[-84.085225,35.942722]}},{"type":"Feature","properties":{"Name":"Ott's Pit Bar-B-Q","Phone Number":"865-966-9538","Address":"12828 Kingston Pike","City":"Knoxville","State":"TN","Country":"USA","Average_Rating":""},"geometry":{"type":"Point","coordinates":[-84.211716,35.866243]}},{"type":"Feature","properties":{"Name":"Sweet P's Barbecue & Soul House","Phone Number":"865-247-7748","Address":"3725 Maryville Pike","City":"Knoxville","State":"TN","Country":"USA","Average_Rating":4.5},"geometry":{"type":"Point","coordinates":[-83.943022,35.873702]}},{"type":"Feature","properties":{"Name":"Sweet P's Barbecue and Downtown Dive","Phone Number":"865-281-1738","Address":"410 West Jackson Avenue","City":"Knoxville","State":"TN","Country":"USA","Average_Rating":4.4},"geometry":{"type":"Point","coordinates":[-83.921717,35.967905]}},{"type":"Feature","properties":{"Name":"Full Service BBQ","Phone Number":"865-247-7316","Address":"104 Cedar Lane","City":"Knoxville","State":"TN","Country":"USA","Average_Rating":4.4},"geometry":{"type":"Point","coordinates":[-83.969259,36.011544]}},{"type":"Feature","properties":{"Name":"Full Service BBQ","Phone Number":"865-888-6990","Address":"10248 Kingston Pike","City":"Knoxville","State":"TN","Country":"USA","Average_Rating":4.3},"geometry":{"type":"Point","coordinates":[-84.12562,35.899973]}},{"type":"Feature","properties":{"Name":"B.E. Scott's Bar-B-Que","Phone Number":"731-968-0420","Address":"10880 Highway 412 W","City":"Lexington","State":"TN","Country":"USA","Average_Rating":4.8},"geometry":{"type":"Point","coordinates":[-88.425422,35.660739]}},{"type":"Feature","properties":{"Name":"Full Service BBQ","Phone Number":"865-981-4414","Address":"113 South Washington Street","City":"Maryville","State":"TN","Country":"USA","Average_Rating":4.3},"geometry":{"type":"Point","coordinates":[-83.966627,35.759531]}},{"type":"Feature","properties":{"Name":"Corky's Bar-B-Q","Phone Number":"901-685-9744","Address":"5259 Poplar Ave","City":"Memphis","State":"TN","Country":"USA","Average_Rating":4.5},"geometry":{"type":"Point","coordinates":[-89.88661,35.10795]}},{"type":"Feature","properties":{"Name":"Leonard's Pit Barbeque","Phone Number":"901-360-1963","Address":"5465 Fox Plaza Dr","City":"Memphis","State":"TN","Country":"USA","Average_Rating":4.3},"geometry":{"type":"Point","coordinates":[-89.88154,35.07403]}},{"type":"Feature","properties":{"Name":"Central BBQ","Phone Number":"901-272-9377","Address":"2249 Central Ave","City":"Memphis","State":"TN","Country":"USA","Average_Rating":4.4},"geometry":{"type":"Point","coordinates":[-89.98705,35.12582]}},{"type":"Feature","properties":{"Name":"The Bar-B-Q Shop","Phone Number":"901-272-1277","Address":"1782 Madison Ave","City":"Memphis","State":"TN","Country":"USA","Average_Rating":4.4},"geometry":{"type":"Point","coordinates":[-90.00167,35.13791]}},{"type":"Feature","properties":{"Name":"The Rendezvous Restaurant","Phone Number":"901-523-2746","Address":"52 S Second St","City":"Memphis","State":"TN","Country":"USA","Average_Rating":4.4},"geometry":{"type":"Point","coordinates":[-90.051774,35.143396]}},{"type":"Feature","properties":{"Name":"Charlie Vergos' Rendezvous","Phone Number":"901-523-2746","Address":"52 S 2nd St","City":"Memphis","State":"TN","Country":"USA","Average_Rating":4.4},"geometry":{"type":"Point","coordinates":[-90.05219,35.14305]}},{"type":"Feature","properties":{"Name":"A & R BBQ","Phone Number":"901-774-7444","Address":"1802 Elvis Presley Ave","City":"Memphis","State":"TN","Country":"USA","Average_Rating":4.3},"geometry":{"type":"Point","coordinates":[-90.01759,35.09596]}},{"type":"Feature","properties":{"Name":"Interstate Barbecue - Memphis","Phone Number":"901-775-2304","Address":"2265 S Third St","City":"Memphis","State":"TN","Country":"USA","Average_Rating":3.8},"geometry":{"type":"Point","coordinates":[-90.056952,35.085486]}},{"type":"Feature","properties":{"Name":"Marlowe's Ribs & Restaurant Marlowe's Ribs & Restaurant is just down Elvis Presley Blvd from Graceland and has that 'Tourist Trap' look w/ a big pink pig Airstream out front; but don't be put off by that. It has some of the best BBQ in Memphis.","Phone Number":"901-332-4159","Address":"4381 Elvis Presley Blvd","City":"Memphis","State":"TN","Country":"USA","Average_Rating":4.5},"geometry":{"type":"Point","coordinates":[-90.02535,35.02913]}},{"type":"Feature","properties":{"Name":"Payne's Bar-B-Que","Phone Number":"901-272-1523","Address":"1762 Lamar Ave","City":"Memphis","State":"TN","Country":"USA","Average_Rating":4.5},"geometry":{"type":"Point","coordinates":[-90.003083,35.11824]}},{"type":"Feature","properties":{"Name":"Pardner's BBQ","Phone Number":"423-538-5539","Address":"5444 Highway 11 E","City":"Piney Flats","State":"TN","Country":"USA","Average_Rating":3.7},"geometry":{"type":"Point","coordinates":[-82.30209,36.43948]}},{"type":"Feature","properties":{"Name":"County Line - Ranch Rd","Phone Number":"512-346-3664","Address":"5204 Ranch Road 2222","City":"Austin","State":"TX","Country":"USA","Average_Rating":4.4},"geometry":{"type":"Point","coordinates":[-97.783984,30.345389]}},{"type":"Feature","properties":{"Name":"Franklin Barbecue","Phone Number":"512-653-1187","Address":"900 East 11th St","City":"Austin","State":"TX","Country":"USA","Average_Rating":4.7},"geometry":{"type":"Point","coordinates":[-97.731262,30.270178]}},{"type":"Feature","properties":{"Name":"Artz Rib House","Phone Number":"512-442-8283","Address":"2330 S Lamar","City":"Austin","State":"TX","Country":"USA","Average_Rating":3.8},"geometry":{"type":"Point","coordinates":[-97.775671,30.24736]}},{"type":"Feature","properties":{"Name":"County Line - Bee Cave Rd","Phone Number":"512-327-1742","Address":"6500 Bee Cave Rd","City":"Austin","State":"TX","Country":"USA","Average_Rating":4.3},"geometry":{"type":"Point","coordinates":[-97.834633,30.29686]}},{"type":"Feature","properties":{"Name":"John Mueller Meat Co","Phone Number":"512-796-1322","Address":"2500 E 6th St","City":"Austin","State":"TX","Country":"USA","Average_Rating":4.2},"geometry":{"type":"Point","coordinates":[-97.71447,30.25902]}},{"type":"Feature","properties":{"Name":"Trading Post Barbeque Pearson Ln. & Hwy-199 (Jacksboro Hwy)","Phone Number":"817-677-5640","Address":"101 Pearson Ln","City":"Azle","State":"TX","Country":"USA","Average_Rating":4.9},"geometry":{"type":"Point","coordinates":[-97.57825,32.90918]}},{"type":"Feature","properties":{"Name":"Big Oak Bar-B-Que","Phone Number":"512-312-1947","Address":"210 S Main St","City":"Buda","State":"TX","Country":"USA","Average_Rating":4.3},"geometry":{"type":"Point","coordinates":[-97.844256,30.07948]}},{"type":"Feature","properties":{"Name":"McKenzie's Barbeque","Phone Number":"936-539-4300","Address":"1501 N Frazier St","City":"Conroe","State":"TX","Country":"USA","Average_Rating":4.4},"geometry":{"type":"Point","coordinates":[-95.464741,30.324577]}},{"type":"Feature","properties":{"Name":"Gene's Hickory Hut","Phone Number":"","Address":"310 S Frazier St","City":"Conroe","State":"TX","Country":"USA","Average_Rating":4},"geometry":{"type":"Point","coordinates":[-95.459464,30.305183]}},{"type":"Feature","properties":{"Name":"Lakewood Smokehouse Barbecue Restaurant","Phone Number":"972-677-7906","Address":"1901 Abrams Rd","City":"Dallas","State":"TX","Country":"USA","Average_Rating":4.3},"geometry":{"type":"Point","coordinates":[-96.7519134,32.8129382]}},{"type":"Feature","properties":{"Name":"Sonny Bryan's Smokehouse","Phone Number":"214-352-2307","Address":"2202 Inwood Rd","City":"Dallas","State":"TX","Country":"USA","Average_Rating":4.1},"geometry":{"type":"Point","coordinates":[-96.84049,32.81773]}},{"type":"Feature","properties":{"Name":"Lockhart Smokehouse","Phone Number":"214-944-5521","Address":"400 W Davis St","City":"Dallas","State":"TX","Country":"USA","Average_Rating":4.4},"geometry":{"type":"Point","coordinates":[-96.828492,32.749326]}},{"type":"Feature","properties":{"Name":"Pecan Lodge","Phone Number":"214-748-8900","Address":"1010 S Pearl Expy","City":"Dallas","State":"TX","Country":"USA","Average_Rating":4.5},"geometry":{"type":"Point","coordinates":[-96.789333,32.777279]}},{"type":"Feature","properties":{"Name":"The Salt Lick","Phone Number":"512-858-4959","Address":"18001 FM 1826","City":"Driftwood","State":"TX","Country":"USA","Average_Rating":4.6},"geometry":{"type":"Point","coordinates":[-98.013609,30.131376]}},{"type":"Feature","properties":{"Name":"Mikeska's Bar-B-Q - New Pit & Lunchbox","Phone Number":"979-543-5471","Address":"218 Merchant","City":"El Campo","State":"TX","Country":"USA","Average_Rating":4.4},"geometry":{"type":"Point","coordinates":[-96.26823,29.198465]}},{"type":"Feature","properties":{"Name":"Mikeska's Bar-B-Q - Freeway","Phone Number":"979-543-8252","Address":"22730 US Highway 59","City":"El Campo","State":"TX","Country":"USA","Average_Rating":4.2},"geometry":{"type":"Point","coordinates":[-96.309426,29.170522]}},{"type":"Feature","properties":{"Name":"Bevo's","Phone Number":"915-593-8700","Address":"9707 Montana Ave","City":"El Paso","State":"TX","Country":"USA","Average_Rating":2.9},"geometry":{"type":"Point","coordinates":[-106.355539,31.79516]}},{"type":"Feature","properties":{"Name":"Smitty's Pit BBQ","Phone Number":"915-772-5876","Address":"6219 Airport Rd","City":"El Paso","State":"TX","Country":"USA","Average_Rating":3.2},"geometry":{"type":"Point","coordinates":[-106.408947,31.788419]}},{"type":"Feature","properties":{"Name":"Mo'z BBQ","Phone Number":"915-562-8172","Address":"4011 Fred Wilson Ave","City":"El Paso","State":"TX","Country":"USA","Average_Rating":3.8},"geometry":{"type":"Point","coordinates":[-106.444292,31.826075]}},{"type":"Feature","properties":{"Name":"Crosstown BBQ","Phone Number":"512-281-5594","Address":"202 S Ave C","City":"Elgin","State":"TX","Country":"USA","Average_Rating":4.3},"geometry":{"type":"Point","coordinates":[-97.370732,30.345602]}},{"type":"Feature","properties":{"Name":"Southside Market & BBQ","Phone Number":"512-285-3407","Address":"1212 US Hwy 290 W","City":"Elgin","State":"TX","Country":"USA","Average_Rating":4.4},"geometry":{"type":"Point","coordinates":[-97.370415,30.337]}},{"type":"Feature","properties":{"Name":"Meyer's Elgin Smokehouse","Phone Number":"512-281-333","Address":"188 US Hwy 290 W","City":"Elgin","State":"TX","Country":"USA","Average_Rating":4.3},"geometry":{"type":"Point","coordinates":[-97.386085,30.349972]}},{"type":"Feature","properties":{"Name":"Joel's Bar-B-Q","Phone Number":"361-865-2454","Address":"1200 Slaughter House Rd","City":"Flatonia","State":"TX","Country":"USA","Average_Rating":""},"geometry":{"type":"Point","coordinates":[-97.10081,29.6982]}},{"type":"Feature","properties":{"Name":"Rick's Smokehouse & Barbeque","Phone Number":"972-276-4353","Address":"1417 S Jupiter Rd","City":"Garland","State":"TX","Country":"USA","Average_Rating":4.2},"geometry":{"type":"Point","coordinates":[-96.682975,32.900253]}},{"type":"Feature","properties":{"Name":"Burn's Old Fashion Pit BBQ","Phone Number":"832-767-0342","Address":"6314 Antoine Dr","City":"Houston","State":"TX","Country":"USA","Average_Rating":4.6},"geometry":{"type":"Point","coordinates":[-95.47325771,29.85814565]}},{"type":"Feature","properties":{"Name":"Tin Roof BBQ","Phone Number":"866-271-7406","Address":"18918 Town Center Blvd","City":"Humble","State":"TX","Country":"USA","Average_Rating":4.5},"geometry":{"type":"Point","coordinates":[-95.174511,29.9958]}},{"type":"Feature","properties":{"Name":"Red River Bar-B-Que","Phone Number":"","Address":"1911 E Main St","City":"League City","State":"TX","Country":"USA","Average_Rating":4.4},"geometry":{"type":"Point","coordinates":[-95.078267,29.520858]}},{"type":"Feature","properties":{"Name":"Snow's BBQ","Phone Number":"","Address":"516 Main","City":"Lexington","State":"TX","Country":"USA","Average_Rating":4.7},"geometry":{"type":"Point","coordinates":[-97.009653,30.413192]}},{"type":"Feature","properties":{"Name":"Cooper's Old Time Pit BBQ","Phone Number":"325-247-5713","Address":"505 W Dallas","City":"Llano","State":"TX","Country":"USA","Average_Rating":4.2},"geometry":{"type":"Point","coordinates":[-98.680609,30.758423]}},{"type":"Feature","properties":{"Name":"Kreuz Market","Phone Number":"512-398-2361","Address":"619 N Colorado","City":"Lockhart","State":"TX","Country":"USA","Average_Rating":4.4},"geometry":{"type":"Point","coordinates":[-97.671034,29.889754]}},{"type":"Feature","properties":{"Name":"Black's Barbecue","Phone Number":"512-398-2712","Address":"215 N Main St","City":"Lockhart","State":"TX","Country":"USA","Average_Rating":4.4},"geometry":{"type":"Point","coordinates":[-97.672643,29.885655]}},{"type":"Feature","properties":{"Name":"Smitty's Market","Phone Number":"512-398-9344","Address":"208 S Commerce","City":"Lockhart","State":"TX","Country":"USA","Average_Rating":4.4},"geometry":{"type":"Point","coordinates":[-97.671364,29.883805]}},{"type":"Feature","properties":{"Name":"City Market","Phone Number":"830-875-9019","Address":"633 E Davis","City":"Luling","State":"TX","Country":"USA","Average_Rating":4.6},"geometry":{"type":"Point","coordinates":[-97.648303,29.681536]}},{"type":"Feature","properties":{"Name":"Smolik's Smokehouse Hours: M 9-2; Tue-Thur 9-7; F-Sat 9-8","Phone Number":"361-547-5494","Address":"501 E San Patricio Ave","City":"Mathis","State":"TX","Country":"USA","Average_Rating":""},"geometry":{"type":"Point","coordinates":[-97.824228,28.091586]}},{"type":"Feature","properties":{"Name":"Swinging Door","Phone Number":"281-342-4758","Address":"3818 FM359","City":"Richmond","State":"TX","Country":"USA","Average_Rating":4.5},"geometry":{"type":"Point","coordinates":[-95.76833725,29.6269083]}},{"type":"Feature","properties":{"Name":"Schulze Bar B Que & Catering","Phone Number":"281-342-4445","Address":"1214 First St","City":"Rosenberg","State":"TX","Country":"USA","Average_Rating":4.3},"geometry":{"type":"Point","coordinates":[-95.80880642,29.55562592]}},{"type":"Feature","properties":{"Name":"Vasos Bar Bq","Phone Number":"281-242-8585","Address":"9920 Hwy 90A","City":"Sugar Land","State":"TX","Country":"USA","Average_Rating":3.6},"geometry":{"type":"Point","coordinates":[-95.60508728,29.62574959]}},{"type":"Feature","properties":{"Name":"Texas Brisket","Phone Number":"281-242-1200","Address":"7822 Hwy 90A","City":"Sugar Land","State":"TX","Country":"USA","Average_Rating":3.8},"geometry":{"type":"Point","coordinates":[-95.63916206,29.61836815]}},{"type":"Feature","properties":{"Name":"Louie Mueller Barbeque","Phone Number":"512-352-6206","Address":"206 W. Second","City":"Taylor","State":"TX","Country":"USA","Average_Rating":4.4},"geometry":{"type":"Point","coordinates":[-97.410782,30.568723]}},{"type":"Feature","properties":{"Name":"Big Fatty's on the Square","Phone Number":"940-726-6000","Address":"112 McCubbin St","City":"Valley View","State":"TX","Country":"USA","Average_Rating":4.4},"geometry":{"type":"Point","coordinates":[-97.164384,33.488355]}},{"type":"Feature","properties":{"Name":"The Branding Iron","Phone Number":"940-723-0388","Address":"104 E Scott Ave","City":"Wichita Falls","State":"TX","Country":"USA","Average_Rating":4.4},"geometry":{"type":"Point","coordinates":[-98.485516,33.903991]}},{"type":"Feature","properties":{"Name":"Q4U BBQ","Phone Number":"","Address":"3951 W 5400 S","City":"Kearns","State":"UT","Country":"USA","Average_Rating":""},"geometry":{"type":"Point","coordinates":[-111.985334,40.652525]}},{"type":"Feature","properties":{"Name":"Pat's Barbecue","Phone Number":"801-484-5963","Address":"155 W Commonwealth","City":"Salt Lake City","State":"UT","Country":"USA","Average_Rating":4},"geometry":{"type":"Point","coordinates":[-111.895418,40.724352]},"id":898},{"type":"Feature","properties":{"Name":"Rocklands BBQ","Phone Number":"703-778-9663","Address":"25 S Quaker Ln","City":"Alexandria","State":"VA","Country":"USA","Average_Rating":4.5},"geometry":{"type":"Point","coordinates":[-77.087927,38.807239]}},{"type":"Feature","properties":{"Name":"Rocklands BBQ","Phone Number":"703-528-9663","Address":"3471 Washington Blvd","City":"Arlington","State":"VA","Country":"USA","Average_Rating":4.5},"geometry":{"type":"Point","coordinates":[-77.103464,38.886377]}},{"type":"Feature","properties":{"Name":"Belmont BBQ","Phone Number":"434-979-7427","Address":"816 Hinton Ave","City":"Charlottesville","State":"VA","Country":"USA","Average_Rating":4.7},"geometry":{"type":"Point","coordinates":[-78.476253,38.025057]}},{"type":"Feature","properties":{"Name":"Due south Pit Cooked BBQ","Phone Number":"540-381-2922","Address":"1465 Roanoke St","City":"Christiansburg","State":"VA","Country":"USA","Average_Rating":""},"geometry":{"type":"Point","coordinates":[-80.380357,37.132178]}},{"type":"Feature","properties":{"Name":"Flaming Pit BBQ","Phone Number":"804-520-1552","Address":"2231 Boulevard","City":"Colonial Heights","State":"VA","Country":"USA","Average_Rating":5},"geometry":{"type":"Point","coordinates":[-77.411108,37.261212]}},{"type":"Feature","properties":{"Name":"Culpeper Cattle Company at The Stable","Phone Number":"540-727-0008","Address":"129 E Culpeper St","City":"Culpeper","State":"VA","Country":"USA","Average_Rating":5},"geometry":{"type":"Point","coordinates":[-77.995914,38.472541]}},{"type":"Feature","properties":{"Name":"Checkered Pig BBQ & Ribs","Phone Number":"434-793-7447","Address":"155 Crown Dr","City":"Danville","State":"VA","Country":"USA","Average_Rating":4.2},"geometry":{"type":"Point","coordinates":[-79.425778,36.595539]}},{"type":"Feature","properties":{"Name":"Log Cabin BBQ In an Actual Log Cabin","Phone Number":"540-289-9400","Address":"11672 Spotswood Tr","City":"Elkton","State":"VA","Country":"USA","Average_Rating":4.4},"geometry":{"type":"Point","coordinates":[-78.705497,38.385459]}},{"type":"Feature","properties":{"Name":"Jeff's Place","Phone Number":"804-520-2800","Address":"20710 Bessie Ln","City":"Ettrick","State":"VA","Country":"USA","Average_Rating":4.7},"geometry":{"type":"Point","coordinates":[-77.428769,37.240843]}},{"type":"Feature","properties":{"Name":"The Fishin' Pig","Phone Number":"434-223-3287","Address":"5169 Farmville Rd","City":"Farmville","State":"VA","Country":"USA","Average_Rating":4.6},"geometry":{"type":"Point","coordinates":[-78.44321,37.2462]}},{"type":"Feature","properties":{"Name":"Bootleg BBQ","Phone Number":"540-250-6587","Address":"412 Locust St","City":"Floyd","State":"VA","Country":"USA","Average_Rating":4.2},"geometry":{"type":"Point","coordinates":[-80.318689,36.908877]}},{"type":"Feature","properties":{"Name":"Virginia BBQ This is a growing franchise with 14 stores currently in several states.","Phone Number":"540-368-2800","Address":"451 Jefferson Davis Hwy","City":"Fredericksburg","State":"VA","Country":"USA","Average_Rating":4.6},"geometry":{"type":"Point","coordinates":[-77.47435,38.315129]}},{"type":"Feature","properties":{"Name":"BBQ Post 401","Phone Number":"540-479-8299","Address":"1917 Plank Rd","City":"Fredericksburg","State":"VA","Country":"USA","Average_Rating":3.9},"geometry":{"type":"Point","coordinates":[-77.491913,38.295803]}},{"type":"Feature","properties":{"Name":"Dixie Bones BBQ","Phone Number":"540-479-8299","Address":"1917 Plank Rd","City":"Fredericksburg","State":"VA","Country":"USA","Average_Rating":3.8},"geometry":{"type":"Point","coordinates":[-77.492386,38.295967]}},{"type":"Feature","properties":{"Name":"Allman's BBQ","Phone Number":"540-373-9881","Address":"1299 Jefferson Davis Hwy","City":"Fredericksburg","State":"VA","Country":"USA","Average_Rating":4.4},"geometry":{"type":"Point","coordinates":[-77.480996,38.304464]}},{"type":"Feature","properties":{"Name":"The Galax Smokehouse","Phone Number":"276-236-1000","Address":"101 N Main St","City":"Galax","State":"VA","Country":"USA","Average_Rating":4.4},"geometry":{"type":"Point","coordinates":[-80.92476,36.661918]}},{"type":"Feature","properties":{"Name":"Q Barbeque","Phone Number":"804-261-7227","Address":"1070 Virginia Center Pkwy","City":"Glen Allen","State":"VA","Country":"USA","Average_Rating":4.5},"geometry":{"type":"Point","coordinates":[-77.458841,37.666899]}},{"type":"Feature","properties":{"Name":"The Barbeque Exchange","Phone Number":"540-832-0227","Address":"102 Martinsburg Ave","City":"Gordonsville","State":"VA","Country":"USA","Average_Rating":4.6},"geometry":{"type":"Point","coordinates":[-78.186547,38.132536]}},{"type":"Feature","properties":{"Name":"County Grill & Smokehouse","Phone Number":"757-723-0600","Address":"26 E Mercury Blvd","City":"Hampton","State":"VA","Country":"USA","Average_Rating":4.4},"geometry":{"type":"Point","coordinates":[-76.34644,37.042953]}},{"type":"Feature","properties":{"Name":"Wilkes Bar-B-Q Company","Phone Number":"757-722-4240","Address":"3700 Victoria Rd","City":"Hampton","State":"VA","Country":"USA","Average_Rating":4.6},"geometry":{"type":"Point","coordinates":[-76.360834,37.01638]}},{"type":"Feature","properties":{"Name":"The Apple House","Phone Number":"540-636-6329","Address":"4675 John Marshall Hwy","City":"Linden","State":"VA","Country":"USA","Average_Rating":4.6},"geometry":{"type":"Point","coordinates":[-78.10143,38.913743]}},{"type":"Feature","properties":{"Name":"Pig N' Steak","Phone Number":"434-979-7427","Address":"313 Washington St","City":"Madison","State":"VA","Country":"USA","Average_Rating":4.1},"geometry":{"type":"Point","coordinates":[-78.476253,38.025057]}},{"type":"Feature","properties":{"Name":"Checkered Pig BBQ & Ribs","Phone Number":"276-632-1161","Address":"1014 Liberty St","City":"Martinsville","State":"VA","Country":"USA","Average_Rating":4.5},"geometry":{"type":"Point","coordinates":[-79.877272,36.713143]}},{"type":"Feature","properties":{"Name":"Q Barbeque","Phone Number":"804-897-9007","Address":"2077 Walmart Way","City":"Midlothian","State":"VA","Country":"USA","Average_Rating":4.4},"geometry":{"type":"Point","coordinates":[-77.628372,37.505709]}},{"type":"Feature","properties":{"Name":"Q Barbeque","Phone Number":"804-818-3583","Address":"13800 Fribble Way","City":"Midlothian","State":"VA","Country":"USA","Average_Rating":4.5},"geometry":{"type":"Point","coordinates":[-77.656069,37.407204]}},{"type":"Feature","properties":{"Name":"Extra Billy's BBQ","Phone Number":"804-379-8727","Address":"1110 Alverser Dr","City":"Midlothian","State":"VA","Country":"USA","Average_Rating":4},"geometry":{"type":"Point","coordinates":[-77.618446,37.507239]}},{"type":"Feature","properties":{"Name":"Rocky Mount Bar-B-Que","Phone Number":"757-596-0243","Address":"10113 Jefferson Ave","City":"Newport News","State":"VA","Country":"USA","Average_Rating":4.2},"geometry":{"type":"Point","coordinates":[-76.457005,37.038612]}},{"type":"Feature","properties":{"Name":"Saucey's BBQ","Phone Number":"804-504-9075","Address":"257 E Bank St","City":"Petersburg","State":"VA","Country":"USA","Average_Rating":4.5},"geometry":{"type":"Point","coordinates":[-77.399076,37.232245]}},{"type":"Feature","properties":{"Name":"Monk's BBQ","Phone Number":"540-751-9425","Address":"251 N 21st St","City":"Purcellville","State":"VA","Country":"USA","Average_Rating":4.6},"geometry":{"type":"Point","coordinates":[-77.717974,39.139267]}},{"type":"Feature","properties":{"Name":"Buz and Ned's Real Barbeque","Phone Number":"804-346-4227","Address":"8205 W Broad St","City":"Richmond","State":"VA","Country":"USA","Average_Rating":4.3},"geometry":{"type":"Point","coordinates":[-77.534805,37.628491]}},{"type":"Feature","properties":{"Name":"Q Barbeque","Phone Number":"804-360-1300","Address":"11871 W Broad St","City":"Richmond","State":"VA","Country":"USA","Average_Rating":4.2},"geometry":{"type":"Point","coordinates":[-77.624577,37.652035]}},{"type":"Feature","properties":{"Name":"Alamo BBQ","Phone Number":"804-592-3138","Address":"2202 Jefferson Ave","City":"Richmond","State":"VA","Country":"USA","Average_Rating":4.3},"geometry":{"type":"Point","coordinates":[-77.41961,37.535021]}},{"type":"Feature","properties":{"Name":"Extra Billy's BBQ","Phone Number":"804-282-3949","Address":"5205 W Broad St","City":"Richmond","State":"VA","Country":"USA","Average_Rating":3.9},"geometry":{"type":"Point","coordinates":[-77.497935,37.584832]}},{"type":"Feature","properties":{"Name":"Two Drummers Smokehouse","Phone Number":"757-741-2515","Address":"8864 Richmond Rd","City":"Toano","State":"VA","Country":"USA","Average_Rating":4.5},"geometry":{"type":"Point","coordinates":[-76.836498,37.404328]}},{"type":"Feature","properties":{"Name":"Oklahoma Joe's Bar-B-Que","Phone Number":"703-573-2370","Address":"2670 Avenir Pl; Suite O","City":"Vienna","State":"VA","Country":"USA","Average_Rating":4.7},"geometry":{"type":"Point","coordinates":[-77.228293,38.882214]}},{"type":"Feature","properties":{"Name":"The Barbeque Grill & Sauce Company","Phone Number":"540-857-0030","Address":"126 E Lee Ave","City":"Vinton","State":"VA","Country":"USA","Average_Rating":""},"geometry":{"type":"Point","coordinates":[-79.896765,37.280001]}},{"type":"Feature","properties":{"Name":"Jakes Smokehouse Bar B Que","Phone Number":"757-721-7850","Address":"1784 General Booth Rd","City":"Virginia Beach","State":"VA","Country":"USA","Average_Rating":4.2},"geometry":{"type":"Point","coordinates":[-76.0024,36.7795]}},{"type":"Feature","properties":{"Name":"Mr B's BBQ","Phone Number":"","Address":"14767 Lord Fairfax Hwy","City":"White Post","State":"VA","Country":"USA","Average_Rating":5},"geometry":{"type":"Point","coordinates":[-78.106883,39.057717]}},{"type":"Feature","properties":{"Name":"Pierce's Pitt Bar-B-Que","Phone Number":"757-565-2955","Address":"447 E. Rochambeau Dr","City":"Williamsburg","State":"VA","Country":"USA","Average_Rating":4.6},"geometry":{"type":"Point","coordinates":[-76.717399,37.339016]}},{"type":"Feature","properties":{"Name":"Country Boy's BBQ","Phone Number":"757-242-8180","Address":"20 W Windsor Blvd","City":"Windsor","State":"VA","Country":"USA","Average_Rating":4.6},"geometry":{"type":"Point","coordinates":[-76.74663,36.81004]}},{"type":"Feature","properties":{"Name":"Dixie Bones BBQ","Phone Number":"703-492-2205","Address":"13440 Occoquan Rd","City":"Woodbridge","State":"VA","Country":"USA","Average_Rating":4.2},"geometry":{"type":"Point","coordinates":[-77.250666,38.658889]}},{"type":"Feature","properties":{"Name":"County Grill & Smokehouse","Phone Number":"757-591-0600","Address":"1215 George Washington Memorial Hwy","City":"Yorktown","State":"VA","Country":"USA","Average_Rating":4.4},"geometry":{"type":"Point","coordinates":[-76.458632,37.103242]}},{"type":"Feature","properties":{"Name":"Hazel Pizza & BBQ","Phone Number":"802-579-1092","Address":"75 Elliot St","City":"Brattleboro","State":"VT","Country":"USA","Average_Rating":4.4},"geometry":{"type":"Point","coordinates":[-72.55995,42.851962]}},{"type":"Feature","properties":{"Name":"Top of the Hill Grill","Phone Number":"802-258-9178","Address":"632 Putney Rd","City":"Brattleboro","State":"VT","Country":"USA","Average_Rating":4.3},"geometry":{"type":"Point","coordinates":[-72.558327,42.871618]}},{"type":"Feature","properties":{"Name":"Southern Smoke","Phone Number":"","Address":"400 Pine St","City":"Burlington","State":"VT","Country":"USA","Average_Rating":5},"geometry":{"type":"Point","coordinates":[-73.214743,44.468104]}},{"type":"Feature","properties":{"Name":"Bluebird Barbecue","Phone Number":"802-448-3070","Address":"317 Riverside Dr","City":"Burlington","State":"VT","Country":"USA","Average_Rating":4.5},"geometry":{"type":"Point","coordinates":[-73.195305,44.487872]}},{"type":"Feature","properties":{"Name":"Wicked Awesome BBQ","Phone Number":"603-729-6213","Address":"Route 5","City":"E Thetford","State":"VT","Country":"USA","Average_Rating":4.4},"geometry":{"type":"Point","coordinates":[-72.188594,43.811191]}},{"type":"Feature","properties":{"Name":"Lost Nation Smoke Company (Seasonal)","Phone Number":"802-343-1401","Address":"27 Susie Wilson Rd","City":"Essex Juntion","State":"VT","Country":"USA","Average_Rating":4.8},"geometry":{"type":"Point","coordinates":[-73.134337,44.506477]}},{"type":"Feature","properties":{"Name":"Willie's BBQ (Seasonal)","Phone Number":"802-558-6340","Address":"3608 Route 22A","City":"Fair Haven","State":"VT","Country":"USA","Average_Rating":4.9},"geometry":{"type":"Point","coordinates":[-73.297096,43.706573]}},{"type":"Feature","properties":{"Name":"Back Behind Family Restaurnat & Hickory Smokehouse","Phone Number":"802-422-9907","Address":"8492 US Route 4","City":"Killington","State":"VT","Country":"USA","Average_Rating":4.1},"geometry":{"type":"Point","coordinates":[-72.749731,43.600236]}},{"type":"Feature","properties":{"Name":"Squeels on Wheels","Phone Number":"802-228-8934","Address":"471 VT Route 103 S","City":"Ludlow","State":"VT","Country":"USA","Average_Rating":""},"geometry":{"type":"Point","coordinates":[-72.669871,43.388921]}},{"type":"Feature","properties":{"Name":"242 Texas BBQ Company","Phone Number":"802-309-7859","Address":"195 Route 242","City":"Montgomery Center","State":"VT","Country":"USA","Average_Rating":4.9},"geometry":{"type":"Point","coordinates":[-72.534996,44.887701]}},{"type":"Feature","properties":{"Name":"Curtis' All American Barbecue (Seasonal)","Phone Number":"802-387-5474","Address":"7 Putney Landing Rd","City":"Putney","State":"VT","Country":"USA","Average_Rating":4.1},"geometry":{"type":"Point","coordinates":[-72.521506,42.967825]}},{"type":"Feature","properties":{"Name":"Vermont Maple BBQ","Phone Number":"802-728-6678","Address":"17 S Main St","City":"Randolph","State":"VT","Country":"USA","Average_Rating":5},"geometry":{"type":"Point","coordinates":[-72.665561,43.921338]}},{"type":"Feature","properties":{"Name":"Two Neanderthals Smokin' BBQ","Phone Number":"802-886-1000","Address":"361 River St","City":"Springfield","State":"VT","Country":"USA","Average_Rating":4.8},"geometry":{"type":"Point","coordinates":[-72.505634,43.3201]}},{"type":"Feature","properties":{"Name":"Sunset Grille & Tap Room","Phone Number":"802-253-+9281","Address":"140 Cottage Club Rd","City":"Stowe","State":"VT","Country":"USA","Average_Rating":4.2},"geometry":{"type":"Point","coordinates":[-72.715645,44.477112]}},{"type":"Feature","properties":{"Name":"Localfolk Smokehouse","Phone Number":"802-496-5623","Address":"9 Route 17","City":"Waitsfield","State":"VT","Country":"USA","Average_Rating":4.2},"geometry":{"type":"Point","coordinates":[-72.840621,44.180897]}},{"type":"Feature","properties":{"Name":"Prohibition Pig","Phone Number":"802-244-4120","Address":"23 S Main St","City":"Waterbury","State":"VT","Country":"USA","Average_Rating":4.5},"geometry":{"type":"Point","coordinates":[-72.756094,44.337139]}},{"type":"Feature","properties":{"Name":"Route 4 Country Store","Phone Number":"802-295-7563","Address":"3699 E Woodstock Rd","City":"White River Junction","State":"VT","Country":"USA","Average_Rating":4.1},"geometry":{"type":"Point","coordinates":[-72.387863,43.659103]}},{"type":"Feature","properties":{"Name":"Big Fatty's BBQ","Phone Number":"802-295-5513","Address":"186 S Main St","City":"White River Junction","State":"VT","Country":"USA","Average_Rating":4.5},"geometry":{"type":"Point","coordinates":[-72.318473,43.646116]}},{"type":"Feature","properties":{"Name":"The Vittle Stop BBQ","Phone Number":"802-674-6776","Address":"19 1/2 Union St","City":"Windsor","State":"VT","Country":"USA","Average_Rating":4.6},"geometry":{"type":"Point","coordinates":[-72.391091,43.476502]}},{"type":"Feature","properties":{"Name":"3 Pigs BBQ","Phone Number":"425-453-0888","Address":"1044 116th Ave NE","City":"Bellevue","State":"WA","Country":"USA","Average_Rating":4},"geometry":{"type":"Point","coordinates":[-122.184782,47.620132]}},{"type":"Feature","properties":{"Name":"Dixie's","Phone Number":"425-828-2460","Address":"11522 Northup Way","City":"Bellevue","State":"WA","Country":"USA","Average_Rating":4},"geometry":{"type":"Point","coordinates":[-122.18642,47.633343]}},{"type":"Feature","properties":{"Name":"Country Boys BBQ","Phone Number":"509-782-7427","Address":"400 Aplets Way","City":"Cashmere","State":"WA","Country":"USA","Average_Rating":4.7},"geometry":{"type":"Point","coordinates":[-120.470075,47.523657]}},{"type":"Feature","properties":{"Name":"Dos Okies BBQ","Phone Number":"360-385-7669","Address":"2310 Washington St","City":"Port Townsend","State":"WA","Country":"USA","Average_Rating":4},"geometry":{"type":"Point","coordinates":[-122.770629,48.109394]}},{"type":"Feature","properties":{"Name":"Pecos Pit","Phone Number":"","Address":"2260 1st Ave S","City":"Seattle","State":"WA","Country":"USA","Average_Rating":4.6},"geometry":{"type":"Point","coordinates":[-122.334218,47.583358]}},{"type":"Feature","properties":{"Name":"Silver Spur Texas Smokehouse","Phone Number":"","Address":"13275 Watertown Plank Rd","City":"Elm Grove","State":"WI","Country":"USA","Average_Rating":4},"geometry":{"type":"Point","coordinates":[-88.0772,43.0435]}},{"type":"Feature","properties":{"Name":"Jo Jo's BBQ Grill","Phone Number":"920-926-0040","Address":"832 W Johnson St","City":"Fond Du Lac","State":"WI","Country":"USA","Average_Rating":4.7},"geometry":{"type":"Point","coordinates":[-88.475302,43.784151]}},{"type":"Feature","properties":{"Name":"Chutes & Ladders","Phone Number":"","Address":"3812 60th St","City":"Kenosha","State":"WI","Country":"USA","Average_Rating":4.3},"geometry":{"type":"Point","coordinates":[-87.854338,42.58104]}},{"type":"Feature","properties":{"Name":"Smoky Jon's","Phone Number":"608-249-7427","Address":"2310 Packers Ave","City":"Madison","State":"WI","Country":"USA","Average_Rating":4.6},"geometry":{"type":"Point","coordinates":[-89.355326,43.123939]}},{"type":"Feature","properties":{"Name":"Brew City","Phone Number":"414-278-7033","Address":"125 E Juneau Ave","City":"Milwaukee","State":"WI","Country":"USA","Average_Rating":3.8},"geometry":{"type":"Point","coordinates":[-87.911148,43.045635]}},{"type":"Feature","properties":{"Name":"Speed Queen Bar-B-Q","Phone Number":"","Address":"1130 W Walnut St","City":"Milwaukee","State":"WI","Country":"USA","Average_Rating":3.8},"geometry":{"type":"Point","coordinates":[-87.926525,43.052945]}},{"type":"Feature","properties":{"Name":"Saz's","Phone Number":"414-453-2410","Address":"55539 W State St","City":"Milwaukee","State":"WI","Country":"USA","Average_Rating":4.3},"geometry":{"type":"Point","coordinates":[-87.983043,43.043465]}},{"type":"Feature","properties":{"Name":"Fat Jacks BBQ","Phone Number":"608-221-4220","Address":"6207 Monona Dr","City":"Monona","State":"WI","Country":"USA","Average_Rating":4.4},"geometry":{"type":"Point","coordinates":[-89.325636,43.050535]}},{"type":"Feature","properties":{"Name":"Pat's Rib Place","Phone Number":"","Address":"151 E Sunset Dr","City":"Waukesha","State":"WI","Country":"USA","Average_Rating":4.5},"geometry":{"type":"Point","coordinates":[-88.226666,42.988271]}},{"type":"Feature","properties":{"Name":"Bigg's Roadhouse","Phone Number":"414-256-9000","Address":"1900 N Mayfair Rd","City":"Wauwatosa","State":"WI","Country":"USA","Average_Rating":3.2},"geometry":{"type":"Point","coordinates":[-88.047404,43.054533]}},{"type":"Feature","properties":{"Name":"Horcutt's BBQ","Phone Number":"304-845-7157","Address":"805 10th St","City":"Moundsville","State":"WV","Country":"USA","Average_Rating":4.6},"geometry":{"type":"Point","coordinates":[-80.74385,39.916586]}},{"type":"Feature","properties":{"Name":"Dee Jay's - Three Springs Dr","Phone Number":"304-748-1150","Address":"380 Three Springs Dr","City":"Weirton","State":"WV","Country":"USA","Average_Rating":4.5},"geometry":{"type":"Point","coordinates":[-80.550363,40.395955]}},{"type":"Feature","properties":{"Name":"Dee Jay's - Pennsylvania Ave","Phone Number":"304-748-1150","Address":"1229 Pennsylvania Ave","City":"Weirton","State":"WV","Country":"USA","Average_Rating":4.1},"geometry":{"type":"Point","coordinates":[-80.57239,40.420306]}}]}